"player_name","clock_seconds","x_coord","y_coord","min_dist_from_pl","num_def_near_pl","pass_rushed","reciever_crowded","game_date","season_year","team_name","opp_team_name","venue","period","situation_type","goals_for","goals_against","event","event_successful","event_type","player_name_2","x_coord_2","y_coord_2","pass_cluster"
"Abby Roque",1002,57,70,53.0518973515866,0,0,0,"14/2/2022",2021,"Olympic (Women) - United States","Olympic (Women) - Finland","away",2,"5 on 4",0,0,"Play","t","Direct","Hannah Brandt",92,80,9
"Abby Roque",1050,149,75,2.37617267529222,1,0,1,"14/2/2022",2021,"Olympic (Women) - United States","Olympic (Women) - Finland","away",2,"5 on 4",0,0,"Play","t","Direct","Amanda Kessel",168,50,7
"Abby Roque",1131,90,80,3.934509887593,1,0,1,"14/2/2022",2021,"Olympic (Women) - United States","Olympic (Women) - Finland","away",3,"5 on 4",2,0,"Play","t","Direct","Amanda Kessel",116,62,1
"Abby Roque",158,171,19,57.9922125952084,0,0,0,"8/2/2022",2021,"Olympic (Women) - United States","Olympic (Women) - Canada","home",1,"5 on 4",0,1,"Play","t","Direct","Amanda Kessel",194,27,3
"Abby Roque",182,129,62,9.09899948027832,0,0,0,"8/2/2022",2021,"Olympic (Women) - United States","Olympic (Women) - Canada","home",1,"5 on 4",0,1,"Play","t","Direct","Amanda Kessel",134,33,5
"Abby Roque",192,127,82,40.3913693582897,0,0,0,"8/2/2022",2021,"Olympic (Women) - United States","Olympic (Women) - Canada","home",2,"5 on 4",2,3,"Play","f","Indirect","Amanda Kessel",122,43,5
"Abby Roque",202,156,14,32.401257152745,0,0,0,"8/2/2022",2021,"Olympic (Women) - United States","Olympic (Women) - Canada","home",1,"5 on 4",0,1,"Play","t","Direct","Amanda Kessel",192,22,7
"Abby Roque",204,130,84,81.6437645667091,0,0,0,"8/2/2022",2021,"Olympic (Women) - United States","Olympic (Women) - Canada","home",2,"5 on 4",2,3,"Play","f","Indirect","Hilary Knight",179,44,7
"Abby Roque",206,180,19,89.1457594652146,0,0,0,"8/2/2022",2021,"Olympic (Women) - United States","Olympic (Women) - Canada","home",1,"5 on 4",0,1,"Play","t","Direct","Amanda Kessel",195,29,3
"Alex Carpenter",1144,154,2,91.6244339691439,0,0,0,"14/2/2022",2021,"Olympic (Women) - United States","Olympic (Women) - Finland","away",3,"5 on 4",2,0,"Play","f","Direct","Abby Roque",181,50,7
"Alex Carpenter",164,193,74,48.1249435232032,0,0,0,"8/2/2022",2021,"Olympic (Women) - United States","Olympic (Women) - Canada","home",1,"5 on 4",0,1,"Play","t","Indirect","Kelly Pannek",147,83,4
"Alex Carpenter",170,179,1,34.1354618801023,0,0,0,"8/2/2022",2021,"Olympic (Women) - United States","Olympic (Women) - Canada","home",2,"5 on 4",2,3,"Play","t","Direct","Cayla Barnes",144,1,4
"Alex Carpenter",177,143,3,30.8818873165766,0,0,0,"8/2/2022",2021,"Olympic (Women) - United States","Olympic (Women) - Canada","home",1,"5 on 4",0,1,"Play","t","Indirect","Amanda Kessel",156,5,5
"Alex Carpenter",213,142,74,66.1282459304406,0,0,0,"8/2/2022",2021,"Olympic (Women) - United States","Olympic (Women) - Canada","home",1,"5 on 4",0,1,"Play","t","Direct","Kelly Pannek",136,80,5
"Alex Carpenter",902,13,62,40.9065972493922,0,0,0,"8/2/2022",2021,"Olympic (Women) - United States","Olympic (Women) - Canada","home",2,"5 on 4",0,1,"Play","t","Indirect","Amanda Kessel",114,74,9
"Alex Carpenter",915,155,20,7.45721947296311,0,0,0,"8/2/2022",2021,"Olympic (Women) - United States","Olympic (Women) - Canada","home",2,"5 on 4",0,1,"Play","t","Direct","Kelly Pannek",168,63,7
"Alex Carpenter",919,173,7,43.9472297342458,0,0,0,"8/2/2022",2021,"Olympic (Women) - United States","Olympic (Women) - Canada","home",2,"5 on 4",0,1,"Play","t","Direct","Megan Keller",128,16,4
"Alex Cavallini",1093,24,57,25.5053454471624,0,0,0,"14/2/2022",2021,"Olympic (Women) - United States","Olympic (Women) - Finland","away",3,"5 on 4",2,0,"Play","t","Indirect","Cayla Barnes",17,56,8
"Alex Cavallini",1137,2,40,37.9063034818256,0,0,0,"14/2/2022",2021,"Olympic (Women) - United States","Olympic (Women) - Finland","away",3,"5 on 4",2,0,"Play","t","Direct","Megan Keller",5,39,8
"Alina Muller",564,138,63,74.3473543239557,0,0,0,"14/2/2022",2021,"Olympic (Women) - Switzerland","Olympic (Women) - Canada","away",3,"5 on 4",3,9,"Play","f","Direct","Phoebe Staenz",148,42,5
"Alina Muller",573,57,6,8.47288604047795,0,0,0,"16/2/2022",2021,"Olympic (Women) - Switzerland","Olympic (Women) - Finland","away",2,"5 on 4",0,1,"Play","t","Direct","Lara Christen",48,30,9
"Alina Muller",633,118,84,13.0573759893493,0,0,0,"16/2/2022",2021,"Olympic (Women) - Switzerland","Olympic (Women) - Finland","away",1,"5 on 4",0,0,"Play","t","Indirect","Phoebe Staenz",128,83,5
"Alina Muller",645,132,51,70.925016974957,0,0,0,"16/2/2022",2021,"Olympic (Women) - Switzerland","Olympic (Women) - Finland","away",1,"5 on 4",0,0,"Play","t","Direct","Lara Stalder",135,39,5
"Alina Muller",647,157,4,21.1584110573106,0,0,0,"12/2/2022",2021,"Olympic (Women) - Switzerland","Olympic (Women) - Olympic Athletes from Russia","away",3,"5 on 4",2,1,"Play","t","Direct","Lara Christen",128,33,4
"Alina Muller",653,146,14,81.8866683546604,0,0,0,"12/2/2022",2021,"Olympic (Women) - Switzerland","Olympic (Women) - Olympic Athletes from Russia","away",3,"5 on 4",2,1,"Play","t","Direct","Lara Christen",135,33,5
"Alina Muller",653,166,10,0.261045617579839,2,0,0,"16/2/2022",2021,"Olympic (Women) - Switzerland","Olympic (Women) - Finland","away",1,"5 on 4",0,0,"Play","t","Direct","Lara Christen",132,16,4
"Alina Muller",714,109,9,14.4637557504167,0,0,0,"12/2/2022",2021,"Olympic (Women) - Switzerland","Olympic (Women) - Olympic Athletes from Russia","away",1,"5 on 4",0,0,"Play","t","Direct","Phoebe Staenz",124,5,1
"Alina Muller",727,142,82,15.8147114409304,0,0,0,"12/2/2022",2021,"Olympic (Women) - Switzerland","Olympic (Women) - Olympic Athletes from Russia","away",1,"5 on 4",0,0,"Play","f","Direct","Keely Moy",171,75,7
"Alina Muller",735,129,60,56.5886765981946,0,0,0,"12/2/2022",2021,"Olympic (Women) - Switzerland","Olympic (Women) - Olympic Athletes from Russia","away",1,"5 on 4",0,0,"Play","t","Direct","Lara Stalder",135,39,5
"Alina Muller",745,147,26,42.2835655704836,0,0,0,"12/2/2022",2021,"Olympic (Women) - Switzerland","Olympic (Women) - Olympic Athletes from Russia","away",1,"5 on 4",0,0,"Play","t","Direct","Lara Christen",134,45,5
"Alina Muller",86,188,18,3.54303262973318,1,0,1,"14/2/2022",2021,"Olympic (Women) - Switzerland","Olympic (Women) - Canada","away",1,"5 on 4",0,5,"Play","t","Direct","Lara Stalder",183,13,10
"Amanda Kessel",151,135,22,69.0992818848025,0,0,0,"8/2/2022",2021,"Olympic (Women) - United States","Olympic (Women) - Canada","home",1,"5 on 4",0,1,"Play","t","Direct","Cayla Barnes",128,40,5
"Amanda Kessel",157,187,19,20.0474859029334,0,0,0,"8/2/2022",2021,"Olympic (Women) - United States","Olympic (Women) - Canada","home",1,"5 on 4",0,1,"Play","t","Direct","Cayla Barnes",133,18,4
"Amanda Kessel",172,169,4,3.57705009967521,2,0,0,"8/2/2022",2021,"Olympic (Women) - United States","Olympic (Women) - Canada","home",1,"5 on 4",0,1,"Play","t","Indirect","Cayla Barnes",138,13,4
"Amanda Kessel",180,154,17,73.2485896680065,0,0,0,"8/2/2022",2021,"Olympic (Women) - United States","Olympic (Women) - Canada","home",1,"5 on 4",0,1,"Play","t","Direct","Alex Carpenter",147,37,5
"Amanda Kessel",199,163,9,36.273333807539,0,0,0,"8/2/2022",2021,"Olympic (Women) - United States","Olympic (Women) - Canada","home",1,"5 on 4",0,1,"Play","t","Direct","Cayla Barnes",130,30,4
"Amanda Kessel",205,193,21,56.2584090848448,0,0,0,"8/2/2022",2021,"Olympic (Women) - United States","Olympic (Women) - Canada","home",1,"5 on 4",0,1,"Play","t","Direct","Abby Roque",163,12,10
"Amanda Kessel",899,78,80,33.9289896938083,0,0,0,"8/2/2022",2021,"Olympic (Women) - United States","Olympic (Women) - Canada","home",2,"5 on 4",0,1,"Play","t","Indirect","Kelly Pannek",95,71,1
"Amanda Kessel",922,187,12,26.160540554314,0,0,0,"8/2/2022",2021,"Olympic (Women) - United States","Olympic (Women) - Canada","home",2,"5 on 4",0,1,"Play","t","Indirect","Alex Carpenter",193,10,10
"Amanda Kessel",928,158,4,50.2521593474092,0,0,0,"8/2/2022",2021,"Olympic (Women) - United States","Olympic (Women) - Canada","home",2,"5 on 4",0,1,"Play","t","Direct","Megan Keller",128,11,4
"Andrea Brandli",540,2,39,14.4487046204847,0,0,0,"16/2/2022",2021,"Olympic (Women) - Switzerland","Olympic (Women) - Finland","away",1,"5 on 4",0,0,"Play","t","Indirect","Sinja Leemann",5,33,8
"Andrea Brandli",566,22,56,7.36826541562774,0,0,0,"16/2/2022",2021,"Olympic (Women) - Switzerland","Olympic (Women) - Finland","away",2,"5 on 4",0,1,"Play","t","Direct","Lara Christen",41,59,2
"Andrea Brandli",581,2,40,6.91766066793298,1,0,0,"16/2/2022",2021,"Olympic (Women) - Switzerland","Olympic (Women) - Finland","away",2,"5 on 4",0,1,"Play","t","Direct","Lara Stalder",19,7,8
"Anna Shibanova",101,127,42,23.1061566277352,0,0,0,"12/2/2022",2021,"Olympic (Women) - Olympic Athletes from Russia","Olympic (Women) - Switzerland","home",3,"5 on 4",2,3,"Play","t","Direct","Olga Sosina",135,81,5
"Anna Shibanova",1037,157,82,37.1081119379084,0,0,0,"8/2/2022",2021,"Olympic (Women) - Olympic Athletes from Russia","Olympic (Women) - Finland","away",2,"5 on 4",0,2,"Play","f","Indirect","Veronika Korzhakova",180,80,7
"Anna Shibanova",455,130,75,13.084628766563,0,0,0,"8/2/2022",2021,"Olympic (Women) - Olympic Athletes from Russia","Olympic (Women) - Finland","away",2,"5 on 4",0,5,"Play","f","Indirect","Anna Shokhina",192,56,7
"Anna Shibanova",57,130,61,12.6838898861804,0,0,0,"12/2/2022",2021,"Olympic (Women) - Olympic Athletes from Russia","Olympic (Women) - Switzerland","home",3,"5 on 4",2,3,"Play","t","Direct","Anna Shokhina",152,11,5
"Anna Shibanova",73,131,15,26.96970229492,0,0,0,"12/2/2022",2021,"Olympic (Women) - Olympic Athletes from Russia","Olympic (Women) - Switzerland","home",3,"5 on 4",2,3,"Play","t","Direct","Olga Sosina",131,76,5
"Anna Shibanova",96,130,56,22.053758546058,0,0,0,"12/2/2022",2021,"Olympic (Women) - Olympic Athletes from Russia","Olympic (Women) - Switzerland","home",3,"5 on 4",2,3,"Play","t","Direct","Anna Shokhina",135,24,5
"Anna Shokhina",66,133,16,19.6189411807587,0,0,0,"12/2/2022",2021,"Olympic (Women) - Olympic Athletes from Russia","Olympic (Women) - Switzerland","home",3,"5 on 4",2,3,"Play","t","Direct","Olga Sosina",153,72,5
"Anna Shokhina",74,155,4,37.2877590367129,0,0,0,"12/2/2022",2021,"Olympic (Women) - Olympic Athletes from Russia","Olympic (Women) - Switzerland","home",3,"5 on 4",2,3,"Play","t","Direct","Anna Shibanova",131,6,5
"Anni Keisala",751,3,43,144.987458732489,0,0,0,"14/2/2022",2021,"Olympic (Women) - Finland","Olympic (Women) - United States","home",2,"5 on 4",0,1,"Play","t","Direct","Minnamari Tuominen",3,41,8
"Anni Keisala",861,20,6,46.0476389029739,0,0,0,"8/2/2022",2021,"Olympic (Women) - Finland","Olympic (Women) - Olympic Athletes from Russia","home",3,"5 on 4",5,0,"Play","t","Indirect","Jenni Hiirikoski",16,77,8
"Brianne Jenner",105,195,38,51.2905853061539,0,0,0,"14/2/2022",2021,"Olympic (Women) - Canada","Olympic (Women) - Switzerland","home",2,"5 on 4",8,3,"Play","t","Direct","Rebecca Johnston",186,35,3
"Brianne Jenner",375,185,7,38.0326515969637,0,0,0,"8/2/2022",2021,"Olympic (Women) - Canada","Olympic (Women) - United States","away",1,"5 on 4",0,0,"Play","t","Direct","Marie-Philip Poulin",139,5,4
"Cayla Barnes",1053,48,5,17.5667109295121,0,0,0,"14/2/2022",2021,"Olympic (Women) - United States","Olympic (Women) - Finland","away",3,"5 on 4",2,0,"Play","t","Indirect","Hilary Knight",100,2,9
"Cayla Barnes",1071,7,28,61.9867511796843,0,0,0,"14/2/2022",2021,"Olympic (Women) - United States","Olympic (Women) - Finland","away",3,"5 on 4",2,0,"Play","t","Direct","Savannah Harmon",30,19,8
"Cayla Barnes",1086,23,58,66.5116631368272,0,0,0,"14/2/2022",2021,"Olympic (Women) - United States","Olympic (Women) - Finland","away",3,"5 on 4",2,0,"Play","t","Direct","Hannah Brandt",59,74,6
"Cayla Barnes",154,133,32,53.6776942980669,0,0,0,"8/2/2022",2021,"Olympic (Women) - United States","Olympic (Women) - Canada","home",1,"5 on 4",0,1,"Play","t","Direct","Amanda Kessel",158,11,5
"Cayla Barnes",169,139,19,85.3356265825118,0,0,0,"8/2/2022",2021,"Olympic (Women) - United States","Olympic (Women) - Canada","home",1,"5 on 4",0,1,"Play","t","Direct","Kelly Pannek",151,57,5
"Cayla Barnes",191,91,64,6.76343763085139,1,0,0,"8/2/2022",2021,"Olympic (Women) - United States","Olympic (Women) - Canada","home",1,"5 on 4",0,1,"Play","f","Direct","Amanda Kessel",123,18,1
"Cayla Barnes",194,50,39,28.1120463250468,0,0,0,"8/2/2022",2021,"Olympic (Women) - United States","Olympic (Women) - Canada","home",2,"5 on 4",2,3,"Play","t","Direct","Abby Roque",123,83,1
"Cayla Barnes",541,130,22,18.6315574800983,0,0,0,"8/2/2022",2021,"Olympic (Women) - United States","Olympic (Women) - Canada","home",3,"5 on 4",2,4,"Play","t","Direct","Hilary Knight",157,5,5
"Cayla Barnes",945,24,57,2.2075346097537,1,1,0,"8/2/2022",2021,"Olympic (Women) - United States","Olympic (Women) - Canada","home",2,"5 on 4",0,1,"Play","t","Direct","Hannah Brandt",42,75,6
"Cayla Barnes",955,76,83,10.0183720631072,0,0,0,"8/2/2022",2021,"Olympic (Women) - United States","Olympic (Women) - Canada","home",2,"5 on 4",0,1,"Play","f","Indirect","Hannah Brandt",85,7,9
"Cayla Barnes",988,129,21,27.538256916929,0,0,0,"8/2/2022",2021,"Olympic (Women) - United States","Olympic (Women) - Canada","home",2,"5 on 4",0,1,"Play","t","Direct","Jincy Dunne",135,70,5
"Claire Thompson",176,133,44,74.391638167511,0,0,0,"14/2/2022",2021,"Olympic (Women) - Canada","Olympic (Women) - Switzerland","home",2,"5 on 4",8,3,"Play","t","Direct","Melodie Daoust",139,24,5
"Claire Thompson",191,133,25,81.7643581317232,0,0,0,"14/2/2022",2021,"Olympic (Women) - Canada","Olympic (Women) - Switzerland","home",2,"5 on 4",8,3,"Play","t","Direct","Jocelyne Larocque",145,68,5
"Claire Thompson",201,138,33,70.6981842708256,0,0,0,"14/2/2022",2021,"Olympic (Women) - Canada","Olympic (Women) - Switzerland","home",2,"5 on 4",8,3,"Play","t","Direct","Sarah Nurse",141,55,5
"Dani Cameranesi",1008,44,7,47.0239382892621,0,0,0,"14/2/2022",2021,"Olympic (Women) - United States","Olympic (Women) - Finland","away",2,"5 on 4",0,0,"Play","t","Indirect","Abby Roque",24,71,6
"Dominique Ruegg",252,64,59,10.9811155095681,0,0,0,"14/2/2022",2021,"Olympic (Women) - Switzerland","Olympic (Women) - Canada","away",1,"5 on 4",0,5,"Play","t","Direct","Rahel Enzler",97,59,9
"Dominique Ruegg",38,196,56,148.421231095913,0,0,0,"16/2/2022",2021,"Olympic (Women) - Switzerland","Olympic (Women) - Finland","away",1,"5 on 4",0,1,"Play","t","Direct","Nicole Vallario",186,79,3
"Dominique Ruegg",56,197,43,137.201622445207,0,0,0,"16/2/2022",2021,"Olympic (Women) - Switzerland","Olympic (Women) - Finland","away",1,"5 on 4",0,1,"Play","t","Direct","Evelina Raselli",180,80,3
"Dominique Ruegg",583,55,43,46.9134456397087,0,0,0,"14/2/2022",2021,"Olympic (Women) - Switzerland","Olympic (Women) - Canada","away",3,"5 on 4",3,9,"Play","t","Direct","Shannon Sigrist",109,84,9
"Dominique Ruegg",662,156,33,98.4682386380501,0,0,0,"12/2/2022",2021,"Olympic (Women) - Switzerland","Olympic (Women) - Olympic Athletes from Russia","away",3,"5 on 4",2,1,"Play","t","Direct","Rahel Enzler",164,53,7
"Elisa Holopainen",127,166,17,22.9333777028445,0,0,0,"8/2/2022",2021,"Olympic (Women) - Finland","Olympic (Women) - Olympic Athletes from Russia","home",1,"5 on 4",1,0,"Play","f","Direct","Nelli Laitinen",167,62,7
"Elisa Holopainen",143,174,1,20.3224541875409,0,0,0,"8/2/2022",2021,"Olympic (Women) - Finland","Olympic (Women) - Olympic Athletes from Russia","home",1,"5 on 4",1,0,"Play","f","Indirect","Ronja Savolainen",193,20,10
"Elisa Holopainen",145,193,22,131.179634361125,0,0,0,"16/2/2022",2021,"Olympic (Women) - Finland","Olympic (Women) - Switzerland","home",2,"5 on 4",1,0,"Play","t","Direct","Viivi Vainikka",190,28,3
"Elisa Holopainen",154,182,5,17.1923966481611,0,0,0,"16/2/2022",2021,"Olympic (Women) - Finland","Olympic (Women) - Switzerland","home",2,"5 on 4",1,0,"Play","t","Indirect","Minnamari Tuominen",136,3,4
"Elisa Holopainen",156,148,5,52.058936545208,0,0,0,"8/2/2022",2021,"Olympic (Women) - Finland","Olympic (Women) - Olympic Athletes from Russia","home",1,"5 on 4",1,0,"Play","t","Direct","Minnamari Tuominen",133,21,5
"Elisa Holopainen",163,192,35,93.4586711493157,0,0,0,"16/2/2022",2021,"Olympic (Women) - Finland","Olympic (Women) - Switzerland","home",2,"5 on 4",1,0,"Play","t","Indirect","Nelli Laitinen",136,81,4
"Elisa Holopainen",165,187,25,86.3935291290154,0,0,0,"16/2/2022",2021,"Olympic (Women) - Finland","Olympic (Women) - Switzerland","home",2,"5 on 4",1,0,"Play","t","Direct","Ronja Savolainen",175,36,3
"Elisa Holopainen",180,156,4,39.5924787014243,0,0,0,"16/2/2022",2021,"Olympic (Women) - Finland","Olympic (Women) - Switzerland","home",2,"5 on 4",1,0,"Play","t","Direct","Minnamari Tuominen",132,23,4
"Elisa Holopainen",189,171,20,34.815372126805,0,0,0,"16/2/2022",2021,"Olympic (Women) - Finland","Olympic (Women) - Switzerland","home",2,"5 on 4",1,0,"Play","t","Direct","Minnamari Tuominen",131,40,4
"Elisa Holopainen",200,166,20,117.387754666348,0,0,0,"16/2/2022",2021,"Olympic (Women) - Finland","Olympic (Women) - Switzerland","home",2,"5 on 4",1,0,"Play","f","Direct","Nelli Laitinen",164,65,7
"Elisa Holopainen",355,161,26,15.7861998689656,0,0,0,"16/2/2022",2021,"Olympic (Women) - Finland","Olympic (Women) - Switzerland","home",3,"5 on 4",2,0,"Play","t","Direct","Minnamari Tuominen",130,42,4
"Elisa Holopainen",360,164,4,40.5457452079622,0,0,0,"16/2/2022",2021,"Olympic (Women) - Finland","Olympic (Women) - Switzerland","home",3,"5 on 4",2,0,"Play","t","Direct","Minnamari Tuominen",128,41,4
"Elisa Holopainen",368,136,5,40.6042741291732,0,0,0,"16/2/2022",2021,"Olympic (Women) - Finland","Olympic (Women) - Switzerland","home",3,"5 on 4",2,0,"Play","t","Direct","Minnamari Tuominen",127,25,5
"Elisa Holopainen",590,168,22,108.185333576396,0,0,0,"8/2/2022",2021,"Olympic (Women) - Finland","Olympic (Women) - Olympic Athletes from Russia","home",2,"5 on 4",3,0,"Play","t","Direct","Viivi Vainikka",181,37,3
"Elisa Holopainen",595,158,18,18.229535196955,0,0,0,"8/2/2022",2021,"Olympic (Women) - Finland","Olympic (Women) - Olympic Athletes from Russia","home",2,"5 on 4",3,0,"Play","t","Direct","Minnamari Tuominen",133,15,4
"Elisa Holopainen",762,113,3,69.0140683678686,0,0,0,"14/2/2022",2021,"Olympic (Women) - Finland","Olympic (Women) - United States","home",2,"5 on 4",0,1,"Play","t","Direct","Minnamari Tuominen",116,34,1
"Elisa Holopainen",789,131,83,54.1096829691584,0,0,0,"14/2/2022",2021,"Olympic (Women) - Finland","Olympic (Women) - United States","home",2,"5 on 4",0,1,"Play","f","Direct","Viivi Vainikka",143,65,5
"Elisa Holopainen",790,141,3,77.1661781797159,0,0,0,"8/2/2022",2021,"Olympic (Women) - Finland","Olympic (Women) - Olympic Athletes from Russia","home",3,"5 on 4",5,0,"Play","t","Direct","Nelli Laitinen",127,34,5
"Elisa Holopainen",807,155,2,18.2899974703922,0,0,0,"14/2/2022",2021,"Olympic (Women) - Finland","Olympic (Women) - United States","home",2,"5 on 4",0,1,"Play","f","Direct","Ronja Savolainen",144,8,5
"Emily Clark",102,162,13,66.4884776548083,0,0,0,"14/2/2022",2021,"Olympic (Women) - Canada","Olympic (Women) - Switzerland","home",2,"5 on 4",8,3,"Play","t","Direct","Mich Zandee-Hart",137,5,4
"Erin Ambrose",113,134,73,66.1783600947162,0,0,0,"14/2/2022",2021,"Olympic (Women) - Canada","Olympic (Women) - Switzerland","home",2,"5 on 4",8,3,"Play","t","Indirect","Marie-Philip Poulin",152,1,5
"Erin Ambrose",124,140,20,5.60705652500027,1,0,0,"14/2/2022",2021,"Olympic (Women) - Canada","Olympic (Women) - Switzerland","home",2,"5 on 4",8,3,"Play","t","Direct","Rebecca Johnston",170,18,7
"Erin Ambrose",139,135,51,76.2649858913845,0,0,0,"14/2/2022",2021,"Olympic (Women) - Canada","Olympic (Women) - Switzerland","home",2,"5 on 4",8,3,"Play","t","Direct","Marie-Philip Poulin",142,4,5
"Erin Ambrose",155,131,50,48.8383887066617,0,0,0,"14/2/2022",2021,"Olympic (Women) - Canada","Olympic (Women) - Switzerland","home",2,"5 on 4",8,3,"Play","t","Direct","Melodie Daoust",143,23,5
"Erin Ambrose",355,130,51,18.5368011455784,0,0,0,"8/2/2022",2021,"Olympic (Women) - Canada","Olympic (Women) - United States","away",1,"5 on 4",0,0,"Play","t","Direct","Marie-Philip Poulin",140,22,5
"Erin Ambrose",359,133,50,35.2532314739193,0,0,0,"8/2/2022",2021,"Olympic (Women) - Canada","Olympic (Women) - United States","away",1,"5 on 4",0,0,"Play","t","Direct","Rebecca Johnston",136,62,5
"Erin Ambrose",363,139,55,1.12888191313789,3,0,1,"8/2/2022",2021,"Olympic (Women) - Canada","Olympic (Women) - United States","away",1,"5 on 4",0,0,"Play","t","Direct","Brianne Jenner",176,42,7
"Evelina Raselli",1010,143,5,63.8414892986521,0,0,0,"16/2/2022",2021,"Olympic (Women) - Switzerland","Olympic (Women) - Finland","away",3,"5 on 4",0,1,"Play","f","Indirect","Dominique Ruegg",179,70,7
"Evelina Raselli",40,195,18,155.394294308114,0,0,0,"16/2/2022",2021,"Olympic (Women) - Switzerland","Olympic (Women) - Finland","away",1,"5 on 4",0,1,"Play","t","Indirect","Dominique Ruegg",200,45,10
"Evelina Raselli",42,174,12,65.8104392969443,0,0,0,"16/2/2022",2021,"Olympic (Women) - Switzerland","Olympic (Women) - Finland","away",1,"5 on 4",0,1,"Play","t","Direct","Rahel Enzler",162,25,4
"Evelina Raselli",45,156,5,15.8981189549243,0,0,0,"16/2/2022",2021,"Olympic (Women) - Switzerland","Olympic (Women) - Finland","away",1,"5 on 4",0,1,"Play","t","Direct","Sinja Leemann",130,6,4
"Evelina Raselli",54,165,82,2.28966569302304,4,0,0,"16/2/2022",2021,"Olympic (Women) - Switzerland","Olympic (Women) - Finland","away",1,"5 on 4",0,1,"Play","t","Direct","Nicole Vallario",139,76,4
"Evelina Raselli",609,166,3,110.048772855778,0,0,0,"14/2/2022",2021,"Olympic (Women) - Switzerland","Olympic (Women) - Canada","away",3,"5 on 4",3,9,"Play","f","Indirect","Nicole Vallario",156,79,4
"Hannah Brandt",1082,137,65,31.6991722169106,0,0,0,"14/2/2022",2021,"Olympic (Women) - United States","Olympic (Women) - Finland","away",3,"5 on 4",2,0,"Play","t","Direct","Hilary Knight",146,78,5
"Hannah Brandt",119,192,11,34.667175802542,0,0,0,"8/2/2022",2021,"Olympic (Women) - United States","Olympic (Women) - Canada","home",1,"5 on 4",0,1,"Play","f","Indirect","Megan Keller",137,28,4
"Hannah Brandt",135,80,79,9.86705426778629,0,0,0,"8/2/2022",2021,"Olympic (Women) - United States","Olympic (Women) - Canada","home",1,"5 on 4",0,1,"Play","t","Direct","Hilary Knight",109,60,1
"Hannah Brandt",944,58,77,39.4261375672533,0,0,0,"8/2/2022",2021,"Olympic (Women) - United States","Olympic (Women) - Canada","home",2,"5 on 4",0,1,"Play","t","Direct","Kendall Coyne Schofield",95,33,9
"Hannah Brandt",980,164,23,30.1156803173209,0,0,0,"8/2/2022",2021,"Olympic (Women) - United States","Olympic (Women) - Canada","home",2,"5 on 4",0,1,"Play","t","Direct","Hilary Knight",187,29,7
"Hilary Knight",125,159,7,47.303397247089,0,0,0,"8/2/2022",2021,"Olympic (Women) - United States","Olympic (Women) - Canada","home",1,"5 on 4",0,1,"Play","t","Direct","Savannah Harmon",129,33,4
"Hilary Knight",221,72,76,4.7937547528292,1,0,0,"8/2/2022",2021,"Olympic (Women) - United States","Olympic (Women) - Canada","home",2,"5 on 4",2,3,"Play","t","Direct","Kendall Coyne Schofield",108,36,1
"Hilary Knight",544,168,14,46.3380703915315,0,0,0,"8/2/2022",2021,"Olympic (Women) - United States","Olympic (Women) - Canada","home",3,"5 on 4",2,4,"Play","t","Direct","Cayla Barnes",140,5,4
"Hilary Knight",938,157,7,25.8432631546074,0,0,0,"8/2/2022",2021,"Olympic (Women) - United States","Olympic (Women) - Canada","home",2,"5 on 4",0,1,"Play","t","Direct","Kelly Pannek",130,28,4
"Hilary Knight",969,193,25,13.2009829407629,0,0,0,"8/2/2022",2021,"Olympic (Women) - United States","Olympic (Women) - Canada","home",2,"5 on 4",0,1,"Play","f","Indirect","Hannah Brandt",150,3,4
"Hilary Knight",983,193,18,16.1608520155874,0,0,0,"8/2/2022",2021,"Olympic (Women) - United States","Olympic (Women) - Canada","home",2,"5 on 4",0,1,"Play","t","Direct","Hannah Brandt",158,11,10
"Hilary Knight",989,157,12,32.9382899113884,0,0,0,"8/2/2022",2021,"Olympic (Women) - United States","Olympic (Women) - Canada","home",2,"5 on 4",0,1,"Play","t","Direct","Cayla Barnes",134,11,4
"Jenni Hiirikoski",390,134,46,10.8713692733012,0,0,0,"16/2/2022",2021,"Olympic (Women) - Finland","Olympic (Women) - Switzerland","home",1,"5 on 4",1,0,"Play","t","Direct","Petra Nieminen",160,69,5
"Jenni Hiirikoski",399,79,47,20.5846920415861,0,0,0,"16/2/2022",2021,"Olympic (Women) - Finland","Olympic (Women) - Switzerland","home",1,"5 on 4",1,0,"Play","t","Direct","Noora Tulus",132,5,1
"Jenni Hiirikoski",67,134,8,16.4451671449178,0,0,0,"16/2/2022",2021,"Olympic (Women) - Finland","Olympic (Women) - Switzerland","home",3,"5 on 4",3,0,"Play","t","Direct","Michelle Karvinen",138,74,5
"Jenni Hiirikoski",841,130,42,20.075418058262,0,0,0,"8/2/2022",2021,"Olympic (Women) - Finland","Olympic (Women) - Olympic Athletes from Russia","home",3,"5 on 4",5,0,"Play","t","Direct","Noora Tulus",164,17,7
"Jincy Dunne",164,158,60,5.36537769759754,1,0,0,"8/2/2022",2021,"Olympic (Women) - United States","Olympic (Women) - Canada","home",2,"5 on 4",2,3,"Play","f","Direct","Cayla Barnes",154,30,4
"Jincy Dunne",180,143,67,3.86641229980131,1,0,1,"8/2/2022",2021,"Olympic (Women) - United States","Olympic (Women) - Canada","home",2,"5 on 4",2,3,"Play","t","Direct","Cayla Barnes",162,24,7
"Jincy Dunne",205,144,83,49.240790724461,0,0,0,"8/2/2022",2021,"Olympic (Women) - United States","Olympic (Women) - Canada","home",2,"5 on 4",2,3,"Play","t","Indirect","Abby Roque",130,84,5
"Jincy Dunne",986,138,78,12.3922652126957,0,0,0,"8/2/2022",2021,"Olympic (Women) - United States","Olympic (Women) - Canada","home",2,"5 on 4",0,1,"Play","t","Indirect","Hilary Knight",195,27,7
"Jocelyne Larocque",166,154,34,109.839541340392,0,0,0,"14/2/2022",2021,"Olympic (Women) - Canada","Olympic (Women) - Switzerland","home",2,"5 on 4",8,3,"Play","t","Direct","Sarah Nurse",154,55,5
"Jocelyne Larocque",189,160,67,119.333744638088,0,0,0,"14/2/2022",2021,"Olympic (Women) - Canada","Olympic (Women) - Switzerland","home",2,"5 on 4",8,3,"Play","t","Direct","Melodie Daoust",158,21,4
"Jocelyne Larocque",192,149,7,52.2781326640769,0,0,0,"14/2/2022",2021,"Olympic (Women) - Canada","Olympic (Women) - Switzerland","home",2,"5 on 4",8,3,"Play","t","Direct","Claire Thompson",131,26,5
"Jocelyne Larocque",204,136,61,0.551078144825222,1,0,0,"14/2/2022",2021,"Olympic (Women) - Canada","Olympic (Women) - Switzerland","home",2,"5 on 4",8,3,"Play","t","Direct","Sarah Nurse",179,63,7
"Keely Moy",723,196,63,120.767854104809,0,0,0,"12/2/2022",2021,"Olympic (Women) - Switzerland","Olympic (Women) - Olympic Athletes from Russia","away",1,"5 on 4",0,0,"Play","f","Direct","Lara Christen",187,47,10
"Keely Moy",726,195,32,75.288103924053,0,0,0,"12/2/2022",2021,"Olympic (Women) - Switzerland","Olympic (Women) - Olympic Athletes from Russia","away",3,"5 on 4",2,1,"Play","t","Direct","Phoebe Staenz",181,41,3
"Keely Moy",747,137,49,78.6162699514141,0,0,0,"12/2/2022",2021,"Olympic (Women) - Switzerland","Olympic (Women) - Olympic Athletes from Russia","away",1,"5 on 4",0,0,"Play","t","Direct","Lara Christen",137,40,5
"Kelly Pannek",162,146,82,85.2194544736228,0,0,0,"8/2/2022",2021,"Olympic (Women) - United States","Olympic (Women) - Canada","home",1,"5 on 4",0,1,"Play","t","Indirect","Abby Roque",163,10,7
"Kelly Pannek",212,136,75,32.3761025857519,0,0,0,"8/2/2022",2021,"Olympic (Women) - United States","Olympic (Women) - Canada","home",1,"5 on 4",0,1,"Play","t","Direct","Abby Roque",188,55,7
"Kelly Pannek",896,137,82,3.5193294736695,2,0,0,"8/2/2022",2021,"Olympic (Women) - United States","Olympic (Women) - Canada","home",2,"5 on 4",0,1,"Play","t","Direct","Alex Carpenter",137,63,5
"Kelly Pannek",937,130,28,10.7200272298213,0,0,0,"8/2/2022",2021,"Olympic (Women) - United States","Olympic (Women) - Canada","home",2,"5 on 4",0,1,"Play","t","Indirect","Kendall Coyne Schofield",197,42,7
"Kendall Coyne Schofield",934,197,42,11.2201634515082,0,0,0,"8/2/2022",2021,"Olympic (Women) - United States","Olympic (Women) - Canada","home",2,"5 on 4",0,1,"Play","t","Indirect","Amanda Kessel",191,11,10
"Kendall Coyne Schofield",941,138,45,4.9521782492728,1,0,0,"8/2/2022",2021,"Olympic (Women) - United States","Olympic (Women) - Canada","home",2,"5 on 4",0,1,"Play","t","Direct","Hilary Knight",159,26,5
"Kendall Coyne Schofield",995,157,73,68.0736106016911,0,0,0,"14/2/2022",2021,"Olympic (Women) - United States","Olympic (Women) - Finland","away",2,"5 on 4",0,0,"Play","t","Direct","Savannah Harmon",144,81,4
"Lara Christen",548,55,24,39.8625918382902,0,0,0,"16/2/2022",2021,"Olympic (Women) - Switzerland","Olympic (Women) - Finland","away",2,"5 on 4",0,1,"Play","t","Direct","Alina Muller",88,3,9
"Lara Christen",571,60,36,8.78758378752705,0,0,0,"16/2/2022",2021,"Olympic (Women) - Switzerland","Olympic (Women) - Finland","away",2,"5 on 4",0,1,"Play","t","Direct","Lara Stalder",113,79,1
"Lara Christen",575,8,34,17.9138680117285,0,0,0,"16/2/2022",2021,"Olympic (Women) - Switzerland","Olympic (Women) - Finland","away",2,"5 on 4",0,1,"Play","t","Direct","Alina Muller",29,7,8
"Lara Christen",591,157,9,1.31389751619174,1,0,0,"16/2/2022",2021,"Olympic (Women) - Switzerland","Olympic (Women) - Finland","away",2,"5 on 4",0,1,"Play","f","Direct","Alina Muller",162,47,7
"Lara Christen",639,182,6,108.491841869658,0,0,0,"16/2/2022",2021,"Olympic (Women) - Switzerland","Olympic (Women) - Finland","away",1,"5 on 4",0,0,"Play","t","Direct","Keely Moy",192,15,10
"Lara Christen",645,134,38,44.0997954641114,0,0,0,"12/2/2022",2021,"Olympic (Women) - Switzerland","Olympic (Women) - Olympic Athletes from Russia","away",3,"5 on 4",2,1,"Play","t","Direct","Lara Stalder",152,66,5
"Lara Christen",648,133,40,76.3170083957319,0,0,0,"16/2/2022",2021,"Olympic (Women) - Switzerland","Olympic (Women) - Finland","away",1,"5 on 4",0,0,"Play","t","Direct","Alina Muller",138,24,5
"Lara Christen",651,134,33,79.6620826471169,0,0,0,"16/2/2022",2021,"Olympic (Women) - Switzerland","Olympic (Women) - Finland","away",1,"5 on 4",0,0,"Play","t","Direct","Lara Stalder",140,67,5
"Lara Christen",652,137,36,55.9002570394985,0,0,0,"12/2/2022",2021,"Olympic (Women) - Switzerland","Olympic (Women) - Olympic Athletes from Russia","away",3,"5 on 4",2,1,"Play","t","Direct","Lara Stalder",151,56,5
"Lara Christen",655,130,60,76.7810703180689,0,0,0,"12/2/2022",2021,"Olympic (Women) - Switzerland","Olympic (Women) - Olympic Athletes from Russia","away",3,"5 on 4",2,1,"Play","t","Direct","Alina Muller",131,23,5
"Lara Christen",657,31,44,77.1328224965114,0,0,0,"14/2/2022",2021,"Olympic (Women) - Switzerland","Olympic (Women) - Canada","away",3,"5 on 4",3,9,"Play","t","Direct","Lara Stalder",71,74,9
"Lara Christen",669,24,46,123.225243581178,0,0,0,"12/2/2022",2021,"Olympic (Women) - Switzerland","Olympic (Women) - Olympic Athletes from Russia","away",1,"5 on 4",0,0,"Play","t","Direct","Evelina Raselli",60,7,2
"Lara Christen",674,136,17,76.6674292807141,0,0,0,"14/2/2022",2021,"Olympic (Women) - Switzerland","Olympic (Women) - Canada","away",3,"5 on 4",3,9,"Play","t","Direct","Lara Stalder",139,59,5
"Lara Christen",680,55,64,44.8091253638121,0,0,0,"12/2/2022",2021,"Olympic (Women) - Switzerland","Olympic (Women) - Olympic Athletes from Russia","away",1,"5 on 4",0,0,"Play","f","Direct","Rahel Enzler",76,31,9
"Lara Christen",688,5,47,180.566442521296,0,0,0,"12/2/2022",2021,"Olympic (Women) - Switzerland","Olympic (Women) - Olympic Athletes from Russia","away",1,"5 on 4",0,0,"Play","t","Direct","Nicole Vallario",12,22,8
"Lara Christen",708,81,45,17.3990301272294,0,0,0,"12/2/2022",2021,"Olympic (Women) - Switzerland","Olympic (Women) - Olympic Athletes from Russia","away",3,"5 on 4",2,1,"Play","t","Direct","Alina Muller",124,7,1
"Lara Christen",710,30,53,66.5664472669509,0,0,0,"12/2/2022",2021,"Olympic (Women) - Switzerland","Olympic (Women) - Olympic Athletes from Russia","away",3,"5 on 4",2,1,"Play","t","Direct","Lara Stalder",62,80,6
"Lara Christen",730,132,83,20.3984398893339,0,0,0,"12/2/2022",2021,"Olympic (Women) - Switzerland","Olympic (Women) - Olympic Athletes from Russia","away",3,"5 on 4",2,1,"Play","t","Direct","Keely Moy",185,78,7
"Lara Christen",739,128,48,56.0538142306708,0,0,0,"12/2/2022",2021,"Olympic (Women) - Switzerland","Olympic (Women) - Olympic Athletes from Russia","away",1,"5 on 4",0,0,"Play","t","Direct","Alina Muller",137,23,5
"Lara Christen",739,132,42,57.7873271981936,0,0,0,"12/2/2022",2021,"Olympic (Women) - Switzerland","Olympic (Women) - Olympic Athletes from Russia","away",3,"5 on 4",2,1,"Play","t","Direct","Alina Muller",131,23,5
"Lara Christen",743,137,46,57.9542147759276,0,0,0,"12/2/2022",2021,"Olympic (Women) - Switzerland","Olympic (Women) - Olympic Athletes from Russia","away",1,"5 on 4",0,0,"Play","t","Direct","Lara Stalder",160,69,5
"Lara Christen",746,137,40,56.0601232849847,0,0,0,"12/2/2022",2021,"Olympic (Women) - Switzerland","Olympic (Women) - Olympic Athletes from Russia","away",1,"5 on 4",0,0,"Play","t","Direct","Alina Muller",147,26,5
"Lara Christen",934,8,61,135.926243867787,0,0,0,"16/2/2022",2021,"Olympic (Women) - Switzerland","Olympic (Women) - Finland","away",3,"5 on 4",0,2,"Play","t","Indirect","Nicole Vallario",19,71,8
"Lara Stalder",570,113,79,7.09606305527925,0,0,0,"16/2/2022",2021,"Olympic (Women) - Switzerland","Olympic (Women) - Finland","away",2,"5 on 4",0,1,"Play","f","Direct","Keely Moy",123,46,5
"Lara Stalder",650,144,70,57.9689307351411,0,0,0,"16/2/2022",2021,"Olympic (Women) - Switzerland","Olympic (Women) - Finland","away",1,"5 on 4",0,0,"Play","t","Direct","Lara Christen",129,45,5
"Lara Stalder",655,88,62,5.20365868763692,2,1,0,"14/2/2022",2021,"Olympic (Women) - Switzerland","Olympic (Women) - Canada","away",3,"5 on 4",3,9,"Play","f","Direct","Alina Muller",113,10,1
"Lara Stalder",657,154,77,51.2323981448798,0,0,0,"12/2/2022",2021,"Olympic (Women) - Switzerland","Olympic (Women) - Olympic Athletes from Russia","away",3,"5 on 4",2,1,"Play","t","Direct","Lara Christen",134,81,5
"Lara Stalder",709,77,79,58.9837260581238,0,0,0,"12/2/2022",2021,"Olympic (Women) - Switzerland","Olympic (Women) - Olympic Athletes from Russia","away",3,"5 on 4",2,1,"Play","t","Direct","Lara Christen",72,47,9
"Lara Stalder",716,61,54,99.225116701883,0,0,0,"12/2/2022",2021,"Olympic (Women) - Switzerland","Olympic (Women) - Olympic Athletes from Russia","away",1,"5 on 4",0,0,"Play","t","Direct","Alina Muller",96,6,9
"Lara Stalder",742,142,70,65.0602569225199,0,0,0,"12/2/2022",2021,"Olympic (Women) - Switzerland","Olympic (Women) - Olympic Athletes from Russia","away",1,"5 on 4",0,0,"Play","t","Direct","Lara Christen",128,48,5
"Lara Stalder",95,193,77,121.754995307655,0,0,0,"14/2/2022",2021,"Olympic (Women) - Switzerland","Olympic (Women) - Canada","away",1,"5 on 4",0,5,"Play","f","Indirect","Alina Muller",197,41,3
"Maddie Rooney",101,5,41,4.91945628704094,1,1,0,"8/2/2022",2021,"Olympic (Women) - United States","Olympic (Women) - Canada","home",1,"5 on 4",0,1,"Play","t","Direct","Savannah Harmon",24,16,8
"Marie-Philip Poulin",107,181,3,132.101506433988,0,0,0,"14/2/2022",2021,"Olympic (Women) - Canada","Olympic (Women) - Switzerland","home",2,"5 on 4",8,3,"Play","t","Direct","Brianne Jenner",193,27,3
"Marie-Philip Poulin",116,150,24,48.1651932587493,0,0,0,"14/2/2022",2021,"Olympic (Women) - Canada","Olympic (Women) - Switzerland","home",2,"5 on 4",8,3,"Play","t","Direct","Erin Ambrose",131,41,5
"Marie-Philip Poulin",128,128,15,24.431241212808,0,0,0,"14/2/2022",2021,"Olympic (Women) - Canada","Olympic (Women) - Switzerland","home",2,"5 on 4",8,3,"Play","t","Direct","Rebecca Johnston",135,2,5
"Marie-Philip Poulin",136,165,13,35.2824204622558,0,0,0,"14/2/2022",2021,"Olympic (Women) - Canada","Olympic (Women) - Switzerland","home",2,"5 on 4",8,3,"Play","t","Direct","Rebecca Johnston",148,23,4
"Marie-Philip Poulin",365,130,17,6.61146139468397,1,0,0,"8/2/2022",2021,"Olympic (Women) - Canada","Olympic (Women) - United States","away",1,"5 on 4",0,0,"Play","t","Direct","Erin Ambrose",133,55,5
"Marie-Philip Poulin",373,161,3,8.35932824198781,0,0,0,"8/2/2022",2021,"Olympic (Women) - Canada","Olympic (Women) - United States","away",1,"5 on 4",0,0,"Play","t","Direct","Rebecca Johnston",143,19,4
"Megan Keller",1028,18,49,10.9227027488394,0,0,0,"14/2/2022",2021,"Olympic (Women) - United States","Olympic (Women) - Finland","away",2,"5 on 4",0,0,"Play","t","Direct","Dani Cameranesi",43,19,2
"Megan Keller",1052,65,49,18.9634632598445,0,0,0,"14/2/2022",2021,"Olympic (Women) - United States","Olympic (Women) - Finland","away",2,"5 on 4",0,0,"Play","t","Direct","Abby Roque",113,80,1
"Megan Keller",1114,2,47,176.57789722096,0,0,0,"14/2/2022",2021,"Olympic (Women) - United States","Olympic (Women) - Finland","away",3,"5 on 4",2,0,"Play","f","Indirect","Abby Roque",10,62,8
"Megan Keller",1132,37,53,101.877962547487,0,0,0,"14/2/2022",2021,"Olympic (Women) - United States","Olympic (Women) - Finland","away",3,"5 on 4",2,0,"Play","t","Direct","Abby Roque",71,80,9
"Megan Keller",223,29,73,46.3843607703573,0,0,0,"8/2/2022",2021,"Olympic (Women) - United States","Olympic (Women) - Canada","home",2,"5 on 4",2,3,"Play","t","Direct","Hilary Knight",55,79,6
"Megan Keller",917,135,42,39.6835442382671,0,0,0,"8/2/2022",2021,"Olympic (Women) - United States","Olympic (Women) - Canada","home",2,"5 on 4",0,1,"Play","t","Direct","Alex Carpenter",144,17,5
"Megan Keller",930,133,4,37.3771459114849,0,0,0,"8/2/2022",2021,"Olympic (Women) - United States","Olympic (Women) - Canada","home",2,"5 on 4",0,1,"Play","t","Direct","Amanda Kessel",167,7,7
"Melodie Daoust",159,146,80,86.6053657980511,0,0,0,"14/2/2022",2021,"Olympic (Women) - Canada","Olympic (Women) - Switzerland","home",2,"5 on 4",8,3,"Play","t","Direct","Erin Ambrose",132,41,5
"Melodie Daoust",174,159,23,67.9466856459366,0,0,0,"14/2/2022",2021,"Olympic (Women) - Canada","Olympic (Women) - Switzerland","home",2,"5 on 4",8,3,"Play","t","Direct","Claire Thompson",142,40,4
"Melodie Daoust",180,180,3,16.6108329785293,0,0,0,"14/2/2022",2021,"Olympic (Women) - Canada","Olympic (Women) - Switzerland","home",2,"5 on 4",8,3,"Play","t","Indirect","Claire Thompson",133,1,4
"Melodie Daoust",187,164,23,105.593174608986,0,0,0,"14/2/2022",2021,"Olympic (Women) - Canada","Olympic (Women) - Switzerland","home",2,"5 on 4",8,3,"Play","f","Direct","Natalie Spooner",180,43,10
"Mich Zandee-Hart",101,137,5,90.0494458576794,0,0,0,"14/2/2022",2021,"Olympic (Women) - Canada","Olympic (Women) - Switzerland","home",2,"5 on 4",8,3,"Play","t","Direct","Ashton Bell",137,72,5
"Michelle Karvinen",137,132,55,52.8157148358948,0,0,0,"16/2/2022",2021,"Olympic (Women) - Finland","Olympic (Women) - Switzerland","home",2,"5 on 4",1,0,"Play","t","Direct","Elisa Holopainen",160,21,5
"Michelle Karvinen",401,60,48,12.4420597288344,0,0,0,"16/2/2022",2021,"Olympic (Women) - Finland","Olympic (Women) - Switzerland","home",1,"5 on 4",1,0,"Play","t","Indirect","Jenni Hiirikoski",70,48,9
"Michelle Karvinen",65,157,69,6.04539766486236,1,0,0,"16/2/2022",2021,"Olympic (Women) - Finland","Olympic (Women) - Switzerland","home",3,"5 on 4",3,0,"Play","t","Direct","Petra Nieminen",187,65,7
"Michelle Karvinen",759,117,82,3.79993407920837,2,0,0,"14/2/2022",2021,"Olympic (Women) - Finland","Olympic (Women) - United States","home",2,"5 on 4",0,1,"Play","t","Direct","Minnamari Tuominen",92,59,1
"Michelle Karvinen",844,161,80,42.2846765925696,0,0,0,"8/2/2022",2021,"Olympic (Women) - Finland","Olympic (Women) - Olympic Athletes from Russia","home",3,"5 on 4",5,0,"Play","t","Direct","Jenni Hiirikoski",129,44,4
"Michelle Karvinen",870,127,83,24.2879869911347,0,0,0,"8/2/2022",2021,"Olympic (Women) - Finland","Olympic (Women) - Olympic Athletes from Russia","home",3,"5 on 4",5,0,"Play","f","Indirect","Susanna Tapani",149,78,5
"Michelle Karvinen",878,143,64,4.14142978854653,1,0,0,"8/2/2022",2021,"Olympic (Women) - Finland","Olympic (Women) - Olympic Athletes from Russia","home",3,"5 on 4",5,0,"Play","t","Direct","Petra Nieminen",167,39,7
"Minnamari Tuominen",102,46,42,54.5845392102408,0,0,0,"16/2/2022",2021,"Olympic (Women) - Finland","Olympic (Women) - Switzerland","home",3,"5 on 4",3,0,"Play","t","Direct","Elisa Holopainen",88,62,9
"Minnamari Tuominen",106,38,53,128.435653466877,0,0,0,"16/2/2022",2021,"Olympic (Women) - Finland","Olympic (Women) - Switzerland","home",3,"5 on 4",3,0,"Play","t","Direct","Nelli Laitinen",33,39,6
"Minnamari Tuominen",138,130,7,42.4538137029798,0,0,0,"8/2/2022",2021,"Olympic (Women) - Finland","Olympic (Women) - Olympic Athletes from Russia","home",1,"5 on 4",1,0,"Play","t","Direct","Nelli Laitinen",144,62,5
"Minnamari Tuominen",154,136,27,22.106006144632,0,0,0,"8/2/2022",2021,"Olympic (Women) - Finland","Olympic (Women) - Olympic Athletes from Russia","home",1,"5 on 4",1,0,"Play","t","Direct","Nelli Laitinen",146,64,5
"Minnamari Tuominen",164,131,7,23.8548680473176,0,0,0,"8/2/2022",2021,"Olympic (Women) - Finland","Olympic (Women) - Olympic Athletes from Russia","home",1,"5 on 4",1,0,"Play","t","Direct","Nelli Laitinen",137,62,5
"Minnamari Tuominen",167,147,20,29.1746458685433,0,0,0,"16/2/2022",2021,"Olympic (Women) - Finland","Olympic (Women) - Switzerland","home",2,"5 on 4",1,0,"Play","t","Direct","Elisa Holopainen",178,23,7
"Minnamari Tuominen",174,147,18,94.9527626250275,0,0,0,"16/2/2022",2021,"Olympic (Women) - Finland","Olympic (Women) - Switzerland","home",2,"5 on 4",1,0,"Play","t","Direct","Ronja Savolainen",142,46,5
"Minnamari Tuominen",178,134,31,81.5562744560573,0,0,0,"16/2/2022",2021,"Olympic (Women) - Finland","Olympic (Women) - Switzerland","home",2,"5 on 4",1,0,"Play","t","Direct","Nelli Laitinen",150,68,5
"Minnamari Tuominen",178,63,50,5.0211910709175,1,0,0,"8/2/2022",2021,"Olympic (Women) - Finland","Olympic (Women) - Olympic Athletes from Russia","home",1,"5 on 4",1,0,"Play","t","Direct","Viivi Vainikka",123,46,1
"Minnamari Tuominen",186,138,51,70.419236129872,0,0,0,"16/2/2022",2021,"Olympic (Women) - Finland","Olympic (Women) - Switzerland","home",2,"5 on 4",1,0,"Play","t","Direct","Elisa Holopainen",156,22,5
"Minnamari Tuominen",191,135,39,39.4460874487072,0,0,0,"16/2/2022",2021,"Olympic (Women) - Finland","Olympic (Women) - Switzerland","home",2,"5 on 4",1,0,"Play","t","Direct","Elisa Holopainen",160,23,5
"Minnamari Tuominen",193,134,48,49.234381975197,0,0,0,"16/2/2022",2021,"Olympic (Women) - Finland","Olympic (Women) - Switzerland","home",2,"5 on 4",1,0,"Play","t","Direct","Nelli Laitinen",160,69,5
"Minnamari Tuominen",201,131,50,63.624184002722,0,0,0,"16/2/2022",2021,"Olympic (Women) - Finland","Olympic (Women) - Switzerland","home",2,"5 on 4",1,0,"Play","t","Direct","Elisa Holopainen",153,20,5
"Minnamari Tuominen",204,128,62,59.8303731276785,0,0,0,"16/2/2022",2021,"Olympic (Women) - Finland","Olympic (Women) - Switzerland","home",2,"5 on 4",1,0,"Play","t","Direct","Nelli Laitinen",137,82,5
"Minnamari Tuominen",216,83,46,1.4438104237793,1,0,0,"16/2/2022",2021,"Olympic (Women) - Finland","Olympic (Women) - Switzerland","home",2,"5 on 4",1,0,"Play","t","Direct","Ronja Savolainen",99,2,1
"Minnamari Tuominen",358,138,60,26.6686349011724,0,0,0,"16/2/2022",2021,"Olympic (Women) - Finland","Olympic (Women) - Switzerland","home",3,"5 on 4",2,0,"Play","t","Direct","Nelli Laitinen",163,72,7
"Minnamari Tuominen",365,130,40,25.7459113758137,0,0,0,"16/2/2022",2021,"Olympic (Women) - Finland","Olympic (Women) - Switzerland","home",3,"5 on 4",2,0,"Play","t","Direct","Elisa Holopainen",135,29,5
"Minnamari Tuominen",591,134,44,67.8488034409551,0,0,0,"8/2/2022",2021,"Olympic (Women) - Finland","Olympic (Women) - Olympic Athletes from Russia","home",2,"5 on 4",3,0,"Play","t","Direct","Elisa Holopainen",158,24,5
"Minnamari Tuominen",593,130,24,93.0450367388076,0,0,0,"8/2/2022",2021,"Olympic (Women) - Finland","Olympic (Women) - Olympic Athletes from Russia","home",2,"5 on 4",3,0,"Play","t","Direct","Nelli Laitinen",149,68,5
"Minnamari Tuominen",757,86,54,2.7336057026382,1,1,0,"14/2/2022",2021,"Olympic (Women) - Finland","Olympic (Women) - United States","home",2,"5 on 4",0,1,"Play","f","Direct","Ronja Savolainen",96,24,1
"Minnamari Tuominen",760,104,53,4.28634945823517,1,0,0,"14/2/2022",2021,"Olympic (Women) - Finland","Olympic (Women) - United States","home",2,"5 on 4",0,1,"Play","t","Direct","Michelle Karvinen",117,82,1
"Minnamari Tuominen",776,130,74,7.23086475242137,0,0,0,"14/2/2022",2021,"Olympic (Women) - Finland","Olympic (Women) - United States","home",2,"5 on 4",0,1,"Play","t","Direct","Nelli Laitinen",149,84,5
"Minnamari Tuominen",794,190,71,124.539818094009,0,0,0,"8/2/2022",2021,"Olympic (Women) - Finland","Olympic (Women) - Olympic Athletes from Russia","home",3,"5 on 4",5,0,"Play","t","Indirect","Elisa Holopainen",146,2,4
"Minnamari Tuominen",803,84,19,20.1536849633895,0,0,0,"14/2/2022",2021,"Olympic (Women) - Finland","Olympic (Women) - United States","home",2,"5 on 4",0,1,"Play","t","Indirect","Nelli Laitinen",115,80,1
"Minnamari Tuominen",95,83,79,101.252421254454,0,0,0,"16/2/2022",2021,"Olympic (Women) - Finland","Olympic (Women) - Switzerland","home",3,"5 on 4",3,0,"Play","t","Direct","Nelli Laitinen",65,24,9
"Natalie Spooner",149,195,58,64.1346697356569,0,0,0,"14/2/2022",2021,"Olympic (Women) - Canada","Olympic (Women) - Switzerland","home",2,"5 on 4",8,3,"Play","t","Indirect","Sarah Fillier",130,84,4
"Natalie Spooner",182,200,25,122.801344738618,0,0,0,"14/2/2022",2021,"Olympic (Women) - Canada","Olympic (Women) - Switzerland","home",2,"5 on 4",8,3,"Play","t","Indirect","Melodie Daoust",180,3,10
"Nelli Laitinen",104,41,18,138.509903948641,0,0,0,"16/2/2022",2021,"Olympic (Women) - Finland","Olympic (Women) - Switzerland","home",3,"5 on 4",3,0,"Play","t","Direct","Minnamari Tuominen",39,39,6
"Nelli Laitinen",125,174,61,9.97085717439698,0,0,0,"8/2/2022",2021,"Olympic (Women) - Finland","Olympic (Women) - Olympic Athletes from Russia","home",1,"5 on 4",1,0,"Play","t","Direct","Viivi Vainikka",179,45,10
"Nelli Laitinen",137,144,62,36.785492303754,0,0,0,"8/2/2022",2021,"Olympic (Women) - Finland","Olympic (Women) - Olympic Athletes from Russia","home",1,"5 on 4",1,0,"Play","t","Direct","Minnamari Tuominen",130,33,5
"Nelli Laitinen",153,143,67,40.3419926101099,0,0,0,"8/2/2022",2021,"Olympic (Women) - Finland","Olympic (Women) - Olympic Athletes from Russia","home",1,"5 on 4",1,0,"Play","t","Direct","Minnamari Tuominen",135,31,5
"Nelli Laitinen",158,134,67,87.9237044644318,0,0,0,"16/2/2022",2021,"Olympic (Women) - Finland","Olympic (Women) - Switzerland","home",2,"5 on 4",1,0,"Play","t","Direct","Minnamari Tuominen",146,22,5
"Nelli Laitinen",168,130,74,81.3034381488254,0,0,0,"16/2/2022",2021,"Olympic (Women) - Finland","Olympic (Women) - Switzerland","home",2,"5 on 4",1,0,"Play","t","Direct","Minnamari Tuominen",147,20,5
"Nelli Laitinen",171,162,77,33.5949907059192,0,0,0,"8/2/2022",2021,"Olympic (Women) - Finland","Olympic (Women) - Olympic Athletes from Russia","home",1,"5 on 4",1,0,"Play","t","Direct","Minnamari Tuominen",132,47,4
"Nelli Laitinen",178,150,68,91.2407243491091,0,0,0,"16/2/2022",2021,"Olympic (Women) - Finland","Olympic (Women) - Switzerland","home",2,"5 on 4",1,0,"Play","t","Direct","Minnamari Tuominen",139,21,5
"Nelli Laitinen",181,55,72,22.0562303878297,0,0,0,"8/2/2022",2021,"Olympic (Women) - Finland","Olympic (Women) - Olympic Athletes from Russia","home",1,"5 on 4",1,0,"Play","t","Direct","Minnamari Tuominen",49,48,9
"Nelli Laitinen",192,160,69,71.1859833269817,0,0,0,"16/2/2022",2021,"Olympic (Women) - Finland","Olympic (Women) - Switzerland","home",2,"5 on 4",1,0,"Play","t","Direct","Minnamari Tuominen",135,39,4
"Nelli Laitinen",197,156,84,51.2660358987093,0,0,0,"16/2/2022",2021,"Olympic (Women) - Finland","Olympic (Women) - Switzerland","home",2,"5 on 4",1,0,"Play","t","Direct","Minnamari Tuominen",133,59,4
"Nelli Laitinen",203,144,79,56.884440856783,0,0,0,"16/2/2022",2021,"Olympic (Women) - Finland","Olympic (Women) - Switzerland","home",2,"5 on 4",1,0,"Play","t","Direct","Minnamari Tuominen",129,61,5
"Nelli Laitinen",206,127,78,60.5693705122772,0,0,0,"16/2/2022",2021,"Olympic (Women) - Finland","Olympic (Women) - Switzerland","home",2,"5 on 4",1,0,"Play","t","Direct","Minnamari Tuominen",130,57,5
"Nelli Laitinen",357,163,72,8.97221341630566,0,0,0,"16/2/2022",2021,"Olympic (Women) - Finland","Olympic (Women) - Switzerland","home",3,"5 on 4",2,0,"Play","t","Direct","Ronja Savolainen",157,49,4
"Nelli Laitinen",592,149,68,82.7676569899783,0,0,0,"8/2/2022",2021,"Olympic (Women) - Finland","Olympic (Women) - Olympic Athletes from Russia","home",2,"5 on 4",3,0,"Play","t","Direct","Minnamari Tuominen",134,44,5
"Nelli Laitinen",775,155,82,79.1318214266916,0,0,0,"14/2/2022",2021,"Olympic (Women) - Finland","Olympic (Women) - United States","home",2,"5 on 4",0,1,"Play","t","Direct","Ronja Savolainen",156,65,5
"Nelli Laitinen",782,179,80,80.1373303692545,0,0,0,"14/2/2022",2021,"Olympic (Women) - Finland","Olympic (Women) - United States","home",2,"5 on 4",0,1,"Play","t","Direct","Ronja Savolainen",169,65,3
"Nelli Laitinen",790,127,34,79.3233454605465,0,0,0,"8/2/2022",2021,"Olympic (Women) - Finland","Olympic (Women) - Olympic Athletes from Russia","home",3,"5 on 4",5,0,"Play","t","Direct","Elisa Holopainen",133,19,5
"Nelli Laitinen",813,196,42,8.47656627738971,0,0,0,"8/2/2022",2021,"Olympic (Women) - Finland","Olympic (Women) - Olympic Athletes from Russia","home",3,"5 on 4",5,0,"Play","f","Direct","Elisa Holopainen",185,20,3
"Nelli Laitinen",813,31,39,110.349839237633,0,0,0,"14/2/2022",2021,"Olympic (Women) - Finland","Olympic (Women) - United States","home",2,"5 on 4",0,1,"Play","t","Direct","Elisa Holopainen",57,7,2
"Nelli Laitinen",815,178,51,1.78163599808198,1,1,0,"8/2/2022",2021,"Olympic (Women) - Finland","Olympic (Women) - Olympic Athletes from Russia","home",3,"5 on 4",5,0,"Play","f","Direct","Elisa Holopainen",178,30,3
"Nelli Laitinen",92,106,15,29.9701819960191,0,0,0,"16/2/2022",2021,"Olympic (Women) - Finland","Olympic (Women) - Switzerland","home",3,"5 on 4",3,0,"Play","t","Direct","Viivi Vainikka",129,51,1
"Nicole Vallario",1019,190,67,140.985475975492,0,0,0,"16/2/2022",2021,"Olympic (Women) - Switzerland","Olympic (Women) - Finland","away",3,"5 on 4",0,1,"Play","t","Indirect","Rahel Enzler",190,74,3
"Nicole Vallario",246,93,61,50.1119197361246,0,0,0,"14/2/2022",2021,"Olympic (Women) - Switzerland","Olympic (Women) - Canada","away",1,"5 on 4",0,5,"Play","t","Direct","Rahel Enzler",115,30,1
"Nicole Vallario",35,161,80,50.2020308318784,0,0,0,"16/2/2022",2021,"Olympic (Women) - Switzerland","Olympic (Women) - Finland","away",1,"5 on 4",0,1,"Play","t","Direct","Sinja Leemann",132,58,4
"Nicole Vallario",48,129,40,51.2227722019141,0,0,0,"16/2/2022",2021,"Olympic (Women) - Switzerland","Olympic (Women) - Finland","away",1,"5 on 4",0,1,"Play","t","Indirect","Evelina Raselli",156,5,5
"Nicole Vallario",52,136,70,79.6186626257523,0,0,0,"16/2/2022",2021,"Olympic (Women) - Switzerland","Olympic (Women) - Finland","away",1,"5 on 4",0,1,"Play","t","Direct","Sinja Leemann",136,19,5
"Nicole Vallario",686,18,16,70.6973972713988,0,0,0,"12/2/2022",2021,"Olympic (Women) - Switzerland","Olympic (Women) - Olympic Athletes from Russia","away",1,"5 on 4",0,0,"Play","f","Direct","Evelina Raselli",51,5,2
"Nicole Vallario",931,32,48,42.7506585435849,0,0,0,"16/2/2022",2021,"Olympic (Women) - Switzerland","Olympic (Women) - Finland","away",3,"5 on 4",0,2,"Play","t","Direct","Evelina Raselli",65,36,6
"Nina Pirogova",1031,57,43,8.54425691070112,0,0,0,"8/2/2022",2021,"Olympic (Women) - Olympic Athletes from Russia","Olympic (Women) - Finland","away",2,"5 on 4",0,2,"Play","t","Direct","Valeria Pavlova",97,67,9
"Nina Pirogova",61,196,51,44.5705458915393,0,0,0,"12/2/2022",2021,"Olympic (Women) - Olympic Athletes from Russia","Olympic (Women) - Switzerland","home",3,"5 on 4",2,3,"Play","t","Direct","Olga Sosina",191,66,3
"Noora Tulus",391,147,81,32.9337964944449,0,0,0,"16/2/2022",2021,"Olympic (Women) - Finland","Olympic (Women) - Switzerland","home",1,"5 on 4",1,0,"Play","t","Direct","Jenni Hiirikoski",131,41,5
"Noora Tulus",68,176,4,36.0889814650752,0,0,0,"16/2/2022",2021,"Olympic (Women) - Finland","Olympic (Women) - Switzerland","home",3,"5 on 4",3,0,"Play","t","Direct","Jenni Hiirikoski",134,8,4
"Noora Tulus",838,157,21,25.7596779272112,0,0,0,"8/2/2022",2021,"Olympic (Women) - Finland","Olympic (Women) - Olympic Athletes from Russia","home",3,"5 on 4",5,0,"Play","t","Direct","Jenni Hiirikoski",131,37,4
"Noora Tulus",850,152,1,50.8811766450379,0,0,0,"8/2/2022",2021,"Olympic (Women) - Finland","Olympic (Women) - Olympic Athletes from Russia","home",3,"5 on 4",5,0,"Play","t","Indirect","Petra Nieminen",144,2,5
"Olga Sosina",104,135,80,29.9263564284233,0,0,0,"12/2/2022",2021,"Olympic (Women) - Olympic Athletes from Russia","Olympic (Women) - Switzerland","home",3,"5 on 4",2,3,"Play","t","Direct","Anna Shibanova",133,27,5
"Olga Sosina",478,139,83,19.3862511254324,0,0,0,"12/2/2022",2021,"Olympic (Women) - Olympic Athletes from Russia","Olympic (Women) - Switzerland","home",1,"5 on 4",0,0,"Play","f","Direct","Anna Shokhina",165,68,7
"Olga Sosina",485,77,60,21.1705125496646,0,0,0,"12/2/2022",2021,"Olympic (Women) - Olympic Athletes from Russia","Olympic (Women) - Switzerland","home",1,"5 on 4",0,0,"Play","t","Indirect","Valeria Pavlova",123,71,1
"Olga Sosina",59,184,73,2.36886977385922,2,0,1,"12/2/2022",2021,"Olympic (Women) - Olympic Athletes from Russia","Olympic (Women) - Switzerland","home",3,"5 on 4",2,3,"Play","t","Direct","Anna Shibanova",133,67,4
"Olga Sosina",70,152,75,6.898020457979,1,0,0,"12/2/2022",2021,"Olympic (Women) - Olympic Athletes from Russia","Olympic (Women) - Switzerland","home",3,"5 on 4",2,3,"Play","f","Direct","Anna Shokhina",150,13,5
"Olga Sosina",98,151,82,38.1808364569046,0,0,0,"12/2/2022",2021,"Olympic (Women) - Olympic Athletes from Russia","Olympic (Women) - Switzerland","home",3,"5 on 4",2,3,"Play","t","Direct","Anna Shibanova",129,55,5
"Petra Nieminen",388,142,65,29.8971538136078,0,0,0,"16/2/2022",2021,"Olympic (Women) - Finland","Olympic (Women) - Switzerland","home",1,"5 on 4",1,0,"Play","t","Direct","Jenni Hiirikoski",130,62,5
"Petra Nieminen",58,152,51,0.149381483871591,3,0,1,"16/2/2022",2021,"Olympic (Women) - Finland","Olympic (Women) - Switzerland","home",3,"5 on 4",3,0,"Play","t","Direct","Michelle Karvinen",182,53,7
"Petra Nieminen",74,186,21,5.94610094656345,1,0,0,"16/2/2022",2021,"Olympic (Women) - Finland","Olympic (Women) - Switzerland","home",3,"5 on 4",3,0,"Play","t","Direct","Noora Tulus",138,13,4
"Phoebe Staenz",549,79,31,3.9857302191361,1,0,0,"16/2/2022",2021,"Olympic (Women) - Switzerland","Olympic (Women) - Finland","away",2,"5 on 4",0,1,"Play","t","Direct","Lara Christen",55,24,9
"Phoebe Staenz",658,164,65,94.8263917099206,0,0,0,"12/2/2022",2021,"Olympic (Women) - Switzerland","Olympic (Women) - Olympic Athletes from Russia","away",3,"5 on 4",2,1,"Play","t","Direct","Lara Stalder",154,77,4
"Phoebe Staenz",712,135,6,48.3281346126123,0,0,0,"12/2/2022",2021,"Olympic (Women) - Switzerland","Olympic (Women) - Olympic Athletes from Russia","away",1,"5 on 4",0,0,"Play","t","Direct","Keely Moy",145,37,5
"Phoebe Staenz",726,165,70,3.88127119649857,1,0,0,"12/2/2022",2021,"Olympic (Women) - Switzerland","Olympic (Women) - Olympic Athletes from Russia","away",1,"5 on 4",0,0,"Play","t","Indirect","Keely Moy",191,74,3
"Rahel Enzler",1016,178,81,12.6625950860964,0,0,0,"16/2/2022",2021,"Olympic (Women) - Switzerland","Olympic (Women) - Finland","away",3,"5 on 4",0,1,"Play","t","Direct","Dominique Ruegg",139,83,4
"Rahel Enzler",128,176,5,11.1526393890381,0,0,0,"14/2/2022",2021,"Olympic (Women) - Switzerland","Olympic (Women) - Canada","away",1,"5 on 4",0,5,"Play","t","Indirect","Sinja Leemann",135,5,4
"Rahel Enzler",213,150,73,43.971230401888,0,0,0,"14/2/2022",2021,"Olympic (Women) - Switzerland","Olympic (Women) - Canada","away",1,"5 on 4",0,5,"Play","t","Direct","Shannon Sigrist",145,84,5
"Rahel Enzler",42,162,25,17.4800433262426,0,0,0,"16/2/2022",2021,"Olympic (Women) - Switzerland","Olympic (Women) - Finland","away",1,"5 on 4",0,1,"Play","f","Direct","Evelina Raselli",181,19,7
"Rahel Enzler",603,182,82,6.54252585766685,1,0,0,"14/2/2022",2021,"Olympic (Women) - Switzerland","Olympic (Women) - Canada","away",3,"5 on 4",3,9,"Play","f","Direct","Sinja Leemann",131,82,4
"Rahel Enzler",653,186,16,16.1794387550672,0,0,0,"12/2/2022",2021,"Olympic (Women) - Switzerland","Olympic (Women) - Olympic Athletes from Russia","away",1,"5 on 4",0,0,"Play","t","Direct","Dominique Ruegg",194,17,10
"Rahel Enzler",662,143,37,78.2474856281207,0,0,0,"12/2/2022",2021,"Olympic (Women) - Switzerland","Olympic (Women) - Olympic Athletes from Russia","away",3,"5 on 4",2,1,"Play","t","Direct","Dominique Ruegg",145,31,5
"Rebecca Johnston",120,191,60,36.3452458279103,0,0,0,"14/2/2022",2021,"Olympic (Women) - Canada","Olympic (Women) - Switzerland","home",2,"5 on 4",8,3,"Play","t","Direct","Sarah Fillier",137,71,4
"Rebecca Johnston",125,135,2,82.5987581698957,0,0,0,"14/2/2022",2021,"Olympic (Women) - Canada","Olympic (Women) - Switzerland","home",2,"5 on 4",8,3,"Play","t","Direct","Erin Ambrose",132,24,5
"Rebecca Johnston",358,136,62,26.1440871818407,0,0,0,"8/2/2022",2021,"Olympic (Women) - Canada","Olympic (Women) - United States","away",1,"5 on 4",0,0,"Play","t","Direct","Erin Ambrose",131,37,5
"Rebecca Johnston",360,161,73,27.1549112711118,0,0,0,"8/2/2022",2021,"Olympic (Women) - Canada","Olympic (Women) - United States","away",1,"5 on 4",0,0,"Play","t","Direct","Erin Ambrose",133,50,4
"Rebecca Johnston",366,176,3,26.0148167132783,0,0,0,"8/2/2022",2021,"Olympic (Women) - Canada","Olympic (Women) - United States","away",1,"5 on 4",0,0,"Play","t","Direct","Marie-Philip Poulin",130,17,4
"Ronja Savolainen",159,158,36,6.46253794492477,1,0,0,"8/2/2022",2021,"Olympic (Women) - Finland","Olympic (Women) - Olympic Athletes from Russia","home",1,"5 on 4",1,0,"Play","t","Indirect","Elisa Holopainen",135,4,4
"Ronja Savolainen",212,138,28,48.2854310497682,0,0,0,"16/2/2022",2021,"Olympic (Women) - Finland","Olympic (Women) - Switzerland","home",2,"5 on 4",1,0,"Play","t","Direct","Nelli Laitinen",141,61,5
"Ronja Savolainen",356,153,47,7.49702513528425,0,0,0,"16/2/2022",2021,"Olympic (Women) - Finland","Olympic (Women) - Switzerland","home",3,"5 on 4",2,0,"Play","t","Direct","Elisa Holopainen",158,32,5
"Sarah Fillier",118,135,60,57.2097762020374,0,0,0,"14/2/2022",2021,"Olympic (Women) - Canada","Olympic (Women) - Switzerland","home",2,"5 on 4",8,3,"Play","t","Direct","Marie-Philip Poulin",142,22,5
"Sarah Fillier",145,150,65,88.3147940671419,0,0,0,"14/2/2022",2021,"Olympic (Women) - Canada","Olympic (Women) - Switzerland","home",2,"5 on 4",8,3,"Play","t","Indirect","Erin Ambrose",145,3,5
"Sarah Nurse",164,154,57,1.27554478909277,3,0,0,"14/2/2022",2021,"Olympic (Women) - Canada","Olympic (Women) - Switzerland","home",2,"5 on 4",8,3,"Play","t","Indirect","Melodie Daoust",192,58,7
"Sarah Nurse",199,143,42,61.4107593322475,0,0,0,"14/2/2022",2021,"Olympic (Women) - Canada","Olympic (Women) - Switzerland","home",2,"5 on 4",8,3,"Play","t","Direct","Jocelyne Larocque",149,57,5
"Sarah Nurse",203,160,65,84.9663497445201,0,0,0,"14/2/2022",2021,"Olympic (Women) - Canada","Olympic (Women) - Switzerland","home",2,"5 on 4",8,3,"Play","t","Direct","Claire Thompson",139,37,4
"Saskia Maurer",593,3,42,143.27707828972,0,0,0,"14/2/2022",2021,"Olympic (Women) - Switzerland","Olympic (Women) - Canada","away",3,"5 on 4",3,9,"Play","t","Indirect","Dominique Ruegg",27,85,8
"Savannah Harmon",100,24,16,13.1307272973694,0,0,0,"8/2/2022",2021,"Olympic (Women) - United States","Olympic (Women) - Canada","home",1,"5 on 4",0,1,"Play","t","Indirect","Megan Keller",4,44,8
"Savannah Harmon",1056,69,67,56.9486567514646,0,0,0,"14/2/2022",2021,"Olympic (Women) - United States","Olympic (Women) - Finland","away",3,"5 on 4",2,0,"Play","t","Direct","Cayla Barnes",42,36,9
"Savannah Harmon",123,131,42,73.3165089810224,0,0,0,"8/2/2022",2021,"Olympic (Women) - United States","Olympic (Women) - Canada","home",1,"5 on 4",0,1,"Play","t","Direct","Hilary Knight",135,15,5
"Savannah Harmon",130,151,3,59.314058861153,0,0,0,"8/2/2022",2021,"Olympic (Women) - United States","Olympic (Women) - Canada","home",1,"5 on 4",0,1,"Play","t","Indirect","Hilary Knight",196,18,7
"Savannah Harmon",226,6,30,19.7602027902236,0,0,0,"8/2/2022",2021,"Olympic (Women) - United States","Olympic (Women) - Canada","home",2,"5 on 4",2,3,"Play","t","Indirect","Megan Keller",4,53,8
"Savannah Harmon",253,1,40,163.478525228769,0,0,0,"8/2/2022",2021,"Olympic (Women) - United States","Olympic (Women) - Canada","home",2,"5 on 4",2,3,"Play","t","Indirect","Megan Keller",3,54,8
"Savannah Harmon",259,66,46,15.19975777528,0,0,0,"8/2/2022",2021,"Olympic (Women) - United States","Olympic (Women) - Canada","home",2,"5 on 4",2,3,"Play","f","Direct","Kendall Coyne Schofield",115,83,1
"Shannon Sigrist",212,141,82,37.5719629449953,0,0,0,"14/2/2022",2021,"Olympic (Women) - Switzerland","Olympic (Women) - Canada","away",1,"5 on 4",0,5,"Play","f","Indirect","Rahel Enzler",146,80,5
"Shannon Sigrist",566,84,71,0.239982867560553,1,0,0,"14/2/2022",2021,"Olympic (Women) - Switzerland","Olympic (Women) - Canada","away",3,"5 on 4",3,9,"Play","t","Direct","Alina Muller",112,49,1
"Sinja Leemann",111,29,29,61.4283590474865,0,0,0,"14/2/2022",2021,"Olympic (Women) - Switzerland","Olympic (Women) - Canada","away",1,"5 on 4",0,5,"Play","t","Direct","Evelina Raselli",84,7,9
"Sinja Leemann",125,133,29,72.4985110378514,0,0,0,"14/2/2022",2021,"Olympic (Women) - Switzerland","Olympic (Women) - Canada","away",1,"5 on 4",0,5,"Play","t","Direct","Nicole Vallario",149,78,5
"Sinja Leemann",255,9,57,47.4648575221926,0,0,0,"14/2/2022",2021,"Olympic (Women) - Switzerland","Olympic (Women) - Canada","away",1,"5 on 4",0,5,"Play","t","Direct","Dominique Ruegg",38,79,6
"Sinja Leemann",32,137,34,8.68646576530552,0,0,0,"16/2/2022",2021,"Olympic (Women) - Switzerland","Olympic (Women) - Finland","away",1,"5 on 4",0,1,"Play","t","Direct","Evelina Raselli",161,19,5
"Sinja Leemann",44,130,6,11.3508577760858,0,0,0,"16/2/2022",2021,"Olympic (Women) - Switzerland","Olympic (Women) - Finland","away",1,"5 on 4",0,1,"Play","t","Indirect","Evelina Raselli",159,5,5
"Sinja Leemann",50,145,8,58.9205073658634,0,0,0,"16/2/2022",2021,"Olympic (Women) - Switzerland","Olympic (Women) - Finland","away",1,"5 on 4",0,1,"Play","t","Direct","Nicole Vallario",127,40,5
"Sinja Leemann",568,33,38,90.4899589468993,0,0,0,"14/2/2022",2021,"Olympic (Women) - Switzerland","Olympic (Women) - Canada","away",3,"5 on 4",3,9,"Play","t","Direct","Shannon Sigrist",61,81,6
"Sinja Leemann",612,88,59,10.0833198170002,0,0,0,"14/2/2022",2021,"Olympic (Women) - Switzerland","Olympic (Women) - Canada","away",3,"5 on 4",3,9,"Play","t","Direct","Evelina Raselli",131,4,1
"Sinja Leemann",632,61,60,8.74935352984464,0,0,0,"12/2/2022",2021,"Olympic (Women) - Switzerland","Olympic (Women) - Olympic Athletes from Russia","away",1,"5 on 4",0,0,"Play","t","Direct","Lara Stalder",90,80,9
"Sinja Leemann",702,142,7,24.6263887714528,0,0,0,"12/2/2022",2021,"Olympic (Women) - Switzerland","Olympic (Women) - Olympic Athletes from Russia","away",3,"5 on 4",2,1,"Play","t","Direct","Evelina Raselli",166,9,7
"Susanna Tapani",873,168,81,33.5715392536592,0,0,0,"8/2/2022",2021,"Olympic (Women) - Finland","Olympic (Women) - Olympic Athletes from Russia","home",3,"5 on 4",5,0,"Play","t","Indirect","Michelle Karvinen",127,83,4
"Valeria Pavlova",475,151,82,33.4128551496905,0,0,0,"12/2/2022",2021,"Olympic (Women) - Olympic Athletes from Russia","Olympic (Women) - Switzerland","home",1,"5 on 4",0,0,"Play","t","Direct","Anna Shibanova",134,50,5
"Valeria Pavlova",478,142,82,27.727666327414,0,0,0,"12/2/2022",2021,"Olympic (Women) - Olympic Athletes from Russia","Olympic (Women) - Switzerland","home",1,"5 on 4",0,0,"Play","t","Direct","Olga Sosina",139,83,5
"Viivi Vainikka",141,194,68,62.0320977427232,0,0,0,"16/2/2022",2021,"Olympic (Women) - Finland","Olympic (Women) - Switzerland","home",2,"5 on 4",1,0,"Play","t","Direct","Michelle Karvinen",155,84,3
"Viivi Vainikka",148,170,37,45.8466506855929,0,0,0,"16/2/2022",2021,"Olympic (Women) - Finland","Olympic (Women) - Switzerland","home",2,"5 on 4",1,0,"Play","t","Direct","Ronja Savolainen",163,40,3
"Viivi Vainikka",173,190,71,24.33941376956,0,0,0,"8/2/2022",2021,"Olympic (Women) - Finland","Olympic (Women) - Olympic Athletes from Russia","home",1,"5 on 4",1,0,"Play","t","Direct","Nelli Laitinen",166,80,3
"Viivi Vainikka",183,196,33,97.9532906985278,0,0,0,"16/2/2022",2021,"Olympic (Women) - Finland","Olympic (Women) - Switzerland","home",2,"5 on 4",1,0,"Play","t","Indirect","Elisa Holopainen",156,4,10
"Viivi Vainikka",362,192,24,17.8575509108391,0,0,0,"16/2/2022",2021,"Olympic (Women) - Finland","Olympic (Women) - Switzerland","home",3,"5 on 4",2,0,"Play","t","Indirect","Elisa Holopainen",164,4,10
