"player_name","clock_seconds","x_coord","y_coord","def_in_frame","min_dist_from_pl","min_dist_from_pl_name","sec_dist_from_pl","sec_dist_from_pl_name","num_def_near_pl","pass_rushed","reciever_crowded","pass_distance","game_date","season_year","team_name","opp_team_name","venue","period","situation_type","goals_for","goals_against","event","event_successful","event_type","player_name_2","x_coord_2","y_coord_2","min_dist_from_pl_def_percent","sec_dist_from_pl_def_percent","pass_cluster"
"Abby Roque",158,171,19,5,47.4768741487291,"Blayre Turnbull",57.0881173392931,"Ashton Bell",0,0,0,24.3515913237718,"8/2/2022",2021,"Olympic (Women) - United States","Olympic (Women) - Canada","home",1,"5 on 4",0,1,"Play",1,"Direct","Amanda Kessel",194,27,0.967650651931763,0.95184737443924,8
"Abby Roque",182,129,62,4,16.6768479217297,"Blayre Turnbull",20.1674109963928,"Jocelyne Larocque",0,0,0,29.4278779391243,"8/2/2022",2021,"Olympic (Women) - United States","Olympic (Women) - Canada","home",1,"5 on 4",0,1,"Play",1,"Direct","Amanda Kessel",134,33,0.909178793430328,0.879437983036041,3
"Abby Roque",202,156,14,5,30.0150221197864,"Emily Clark",41.809106839882,"Renata Fast",0,0,0,36.8781778291715,"8/2/2022",2021,"Olympic (Women) - United States","Olympic (Women) - Canada","home",1,"5 on 4",0,1,"Play",1,"Direct","Amanda Kessel",192,22,0.812253415584564,0.819945633411407,1
"Abby Roque",206,180,19,5,89.7004596636557,"Emily Clark",98.4717067112879,"Blayre Turnbull",0,0,0,18.0277563773199,"8/2/2022",2021,"Olympic (Women) - United States","Olympic (Women) - Canada","home",1,"5 on 4",0,1,"Play",1,"Direct","Amanda Kessel",195,29,0.969588816165924,0.843608558177948,8
"Alex Carpenter",213,142,74,4,73.9064205229464,"Renata Fast",86.9839066057173,"Emily Clark",0,0,0,8.48528137423857,"8/2/2022",2021,"Olympic (Women) - United States","Olympic (Women) - Canada","home",1,"5 on 4",0,1,"Play",1,"Direct","Kelly Pannek",136,80,0.812253415584564,0.819945633411407,3
"Alex Carpenter",915,155,20,5,0.957086086027351,"Laura Stacey",6.45757506418693,"Mich Zandee-Hart",1,0,0,44.9221548904324,"8/2/2022",2021,"Olympic (Women) - United States","Olympic (Women) - Canada","home",2,"5 on 4",0,1,"Play",1,"Direct","Kelly Pannek",168,63,0.928744196891785,0.791869819164276,1
"Alex Carpenter",919,173,7,5,38.1623815679205,"Ann-Renee Desbiens",38.4559779536588,"Laura Stacey",0,0,0,45.8911756223351,"8/2/2022",2021,"Olympic (Women) - United States","Olympic (Women) - Canada","home",2,"5 on 4",0,1,"Play",1,"Direct","Megan Keller",128,16,0.973072648048401,0.911296367645264,10
"Alina Muller",564,138,63,3,46.8544004411886,"Jillian Saulnier",67.5549146334109,"Emma Maltais",0,0,0,23.259406699226,"14/2/2022",2021,"Olympic (Women) - Switzerland","Olympic (Women) - Canada","away",3,"5 on 4",3,9,"Play",0,"Direct","Phoebe Staenz",148,42,0.967072486877441,0.728651463985443,3
"Alina Muller",645,132,51,5,79.6562994771203,"Jenni Hiirikoski",85.183331195253,"Susanna Tapani",0,0,0,12.369316876853,"16/2/2022",2021,"Olympic (Women) - Switzerland","Olympic (Women) - Finland","away",1,"5 on 4",0,0,"Play",1,"Direct","Lara Stalder",135,39,0.973611116409302,0.962355315685272,3
"Alina Muller",647,157,4,2,2.82794067417161,"Olga Sosina",12.6731296791734,"Oxana Bratishcheva",1,0,0,41.0121933088198,"12/2/2022",2021,"Olympic (Women) - Switzerland","Olympic (Women) - Olympic Athletes from Russia","away",3,"5 on 4",2,1,"Play",1,"Direct","Lara Christen",128,33,0.973072648048401,0.911296367645264,10
"Alina Muller",653,146,14,5,90.8142237233215,"Anna Shibanova",94.3834611953853,"Olga Sosina",0,0,0,21.9544984001001,"12/2/2022",2021,"Olympic (Women) - Switzerland","Olympic (Women) - Olympic Athletes from Russia","away",3,"5 on 4",2,1,"Play",1,"Direct","Lara Christen",135,33,0.94985020160675,0.946235537528992,3
"Alina Muller",653,166,10,5,3.00063689689734,"Anni Keisala",3.68627985028763,"Susanna Tapani",2,0,0,34.5253530032641,"16/2/2022",2021,"Olympic (Women) - Switzerland","Olympic (Women) - Finland","away",1,"5 on 4",0,0,"Play",1,"Direct","Lara Christen",132,16,0.970833837985992,0.97714102268219,10
"Alina Muller",714,109,9,3,9.05284009293309,"Nina Pirogova",35.3864524554948,"Yekaterina Dobrodeyeva",0,0,0,15.52417469626,"12/2/2022",2021,"Olympic (Women) - Switzerland","Olympic (Women) - Olympic Athletes from Russia","away",1,"5 on 4",0,0,"Play",1,"Direct","Phoebe Staenz",124,5,0.976726174354553,0.985580265522003,4
"Alina Muller",727,142,82,5,32.1426022925466,"Polina Luchnikova",45.6101042775418,"Yelena Provorova",0,0,0,29.8328677803526,"12/2/2022",2021,"Olympic (Women) - Switzerland","Olympic (Women) - Olympic Athletes from Russia","away",1,"5 on 4",0,0,"Play",0,"Direct","Keely Moy",171,75,0.928744196891785,0.791869819164276,1
"Alina Muller",735,129,60,5,63.456704792358,"Polina Luchnikova",93.8092043068726,"Oxana Bratishcheva",0,0,0,21.8403296678416,"12/2/2022",2021,"Olympic (Women) - Switzerland","Olympic (Women) - Olympic Athletes from Russia","away",1,"5 on 4",0,0,"Play",1,"Direct","Lara Stalder",135,39,0.890241622924805,0.957943975925446,3
"Alina Muller",745,147,26,5,68.243842318032,"Polina Luchnikova",77.2101144102589,"Oxana Bratishcheva",0,0,0,23.0217288664427,"12/2/2022",2021,"Olympic (Women) - Switzerland","Olympic (Women) - Olympic Athletes from Russia","away",1,"5 on 4",0,0,"Play",1,"Direct","Lara Christen",134,45,0.976645231246948,0.980939030647278,3
"Alina Muller",86,188,18,5,105.124800712934,"Laura Stacey",126.098030880681,"Ella Shelton",0,0,0,7.07106781186548,"14/2/2022",2021,"Olympic (Women) - Switzerland","Olympic (Women) - Canada","away",1,"5 on 4",0,5,"Play",1,"Direct","Lara Stalder",183,13,0.970833837985992,0.97714102268219,7
"Amanda Kessel",151,135,22,5,77.0730996325105,"Marie-Philip Poulin",83.0266362299065,"Blayre Turnbull",0,0,0,19.313207915828,"8/2/2022",2021,"Olympic (Women) - United States","Olympic (Women) - Canada","home",1,"5 on 4",0,1,"Play",1,"Direct","Cayla Barnes",128,40,0.954532027244568,0.924295842647552,3
"Amanda Kessel",157,187,19,5,10.7777925488674,"Blayre Turnbull",16.2403771864275,"Ashton Bell",0,0,0,54.0092584655631,"8/2/2022",2021,"Olympic (Women) - United States","Olympic (Women) - Canada","home",1,"5 on 4",0,1,"Play",1,"Direct","Cayla Barnes",133,18,0.91675990819931,0.939236342906952,10
"Amanda Kessel",180,154,17,5,81.1769998597635,"Blayre Turnbull",86.2659219626132,"Jocelyne Larocque",0,0,0,21.1896201004171,"8/2/2022",2021,"Olympic (Women) - United States","Olympic (Women) - Canada","home",1,"5 on 4",0,1,"Play",1,"Direct","Alex Carpenter",147,37,0.877865850925446,0.8701131939888,3
"Amanda Kessel",199,163,9,5,43.4061082049199,"Emily Clark",45.1430171189556,"Jocelyne Larocque",0,0,0,39.1152144312159,"8/2/2022",2021,"Olympic (Women) - United States","Olympic (Women) - Canada","home",1,"5 on 4",0,1,"Play",1,"Direct","Cayla Barnes",130,30,0.967072486877441,0.945944786071777,10
"Amanda Kessel",205,193,21,5,54.4385391381874,"Emily Clark",59.1865058312814,"Renata Fast",0,0,0,31.3209195267317,"8/2/2022",2021,"Olympic (Women) - United States","Olympic (Women) - Canada","home",1,"5 on 4",0,1,"Play",1,"Direct","Abby Roque",163,12,0.941670715808868,0.928518116474152,7
"Amanda Kessel",928,158,4,5,39.0029398461773,"Jocelyne Larocque",44.5389575870355,"Laura Stacey",0,0,0,30.8058436014987,"8/2/2022",2021,"Olympic (Women) - United States","Olympic (Women) - Canada","home",2,"5 on 4",0,1,"Play",1,"Direct","Megan Keller",128,11,0.943243741989136,0.952110111713409,10
"Anna Shibanova",101,127,42,5,16.0731115680749,"Lara Stalder",29.9952198627513,"Alina Muller",0,0,0,39.8120584747888,"12/2/2022",2021,"Olympic (Women) - Olympic Athletes from Russia","Olympic (Women) - Switzerland","home",3,"5 on 4",2,3,"Play",1,"Direct","Olga Sosina",135,81,0.96247124671936,0.929784417152405,3
"Anna Shibanova",40,149,43,5,7.98344279148077,"Alina Muller",19.9118299527779,"Lara Stalder",0,0,0,28.1602556806574,"12/2/2022",2021,"Olympic (Women) - Olympic Athletes from Russia","Olympic (Women) - Switzerland","home",3,"5 on 4",2,3,"Play",1,"Direct","Olga Sosina",152,71,0.943028926849365,0.917315602302551,3
"Anna Shibanova",45,150,39,5,9.53528722028616,"Alina Muller",15.9695021838503,"Lara Stalder",0,0,0,25.298221281347,"12/2/2022",2021,"Olympic (Women) - Olympic Athletes from Russia","Olympic (Women) - Switzerland","home",3,"5 on 4",2,3,"Play",1,"Direct","Olga Sosina",158,63,0.733063459396362,0.665777206420898,1
"Anna Shibanova",50,131,45,5,10.945833358,"Alina Muller",22.901923102,"Lara Stalder",0,0,0,25,"12/2/2022",2021,"Olympic (Women) - Olympic Athletes from Russia","Olympic (Women) - Switzerland","home",3,"5 on 4",2,3,"Play",1,"Direct","Olga Sosina",146,65,0.714798450469971,0.531361997127533,3
"Anna Shibanova",57,130,61,5,18.5864185780505,"Alina Muller",27.0594980567445,"Lara Stalder",0,0,0,54.6260011349907,"12/2/2022",2021,"Olympic (Women) - Olympic Athletes from Russia","Olympic (Women) - Switzerland","home",3,"5 on 4",2,3,"Play",1,"Direct","Anna Shokhina",152,11,0.955784797668457,0.940872430801392,3
"Anna Shibanova",73,131,15,5,19.4423077,"Lara Stalder",28.1428571,"Alina Muller",0,0,0,61,"12/2/2022",2021,"Olympic (Women) - Olympic Athletes from Russia","Olympic (Women) - Switzerland","home",3,"5 on 4",2,3,"Play",1,"Direct","Olga Sosina",131,76,0.941504061222076,0.956185638904572,3
"Anna Shibanova",96,130,56,5,13.5321547096443,"Lara Stalder",29.127790017978,"Stefanie Wetli",0,0,0,32.3882694814033,"12/2/2022",2021,"Olympic (Women) - Olympic Athletes from Russia","Olympic (Women) - Switzerland","home",3,"5 on 4",2,3,"Play",1,"Direct","Anna Shokhina",135,24,0.648418247699738,0.860743403434753,3
"Anna Shokhina",54,134,14,5,10.4736123801163,"Lara Stalder",19.999559392253,"Alina Muller",0,0,0,45.8802789878178,"12/2/2022",2021,"Olympic (Women) - Olympic Athletes from Russia","Olympic (Women) - Switzerland","home",3,"5 on 4",2,3,"Play",1,"Direct","Anna Shibanova",147,58,0.828404009342194,0.924266338348389,3
"Anna Shokhina",66,133,16,5,0.134534558799273,"Lara Stalder",20.0434234776256,"Alina Muller",1,0,0,59.464274989274,"12/2/2022",2021,"Olympic (Women) - Olympic Athletes from Russia","Olympic (Women) - Switzerland","home",3,"5 on 4",2,3,"Play",1,"Direct","Olga Sosina",153,72,0.892107605934143,0.891678869724274,3
"Anna Shokhina",74,155,4,5,40.6438419278758,"Stefanie Wetli",43.2995113635767,"Andrea Brandli",0,0,0,24.0831891575846,"12/2/2022",2021,"Olympic (Women) - Olympic Athletes from Russia","Olympic (Women) - Switzerland","home",3,"5 on 4",2,3,"Play",1,"Direct","Anna Shibanova",131,6,0.969588816165924,0.680161774158478,10
"Brianne Jenner",105,195,38,4,52.6518719868307,NA,53.7247597230137,"Sarah Forster",0,0,0,9.48683298050514,"14/2/2022",2021,"Olympic (Women) - Canada","Olympic (Women) - Switzerland","home",2,"5 on 4",8,3,"Play",1,"Direct","Rebecca Johnston",186,35,0.84612512588501,0.771529614925385,8
"Brianne Jenner",375,185,7,5,34.3404875327315,"Amanda Kessel",36.4883283607102,"Maddie Rooney",0,0,0,46.0434577328854,"8/2/2022",2021,"Olympic (Women) - Canada","Olympic (Women) - United States","away",1,"5 on 4",0,0,"Play",1,"Direct","Marie-Philip Poulin",139,5,0.972968697547913,0.94278746843338,10
"Cayla Barnes",154,133,32,5,51.7994545497174,"Blayre Turnbull",61.2428583662546,"Marie-Philip Poulin",0,0,0,32.649655434629,"8/2/2022",2021,"Olympic (Women) - United States","Olympic (Women) - Canada","home",1,"5 on 4",0,1,"Play",1,"Direct","Amanda Kessel",158,11,0.955784797668457,0.940872430801392,1
"Cayla Barnes",169,139,19,5,90.8061797706777,"Marie-Philip Poulin",104.805511331192,"Blayre Turnbull",0,0,0,39.8497176903426,"8/2/2022",2021,"Olympic (Women) - United States","Olympic (Women) - Canada","home",1,"5 on 4",0,1,"Play",1,"Direct","Kelly Pannek",151,57,0.788907468318939,0.867859125137329,3
"Cayla Barnes",191,91,64,3,14.7940319944414,"Emily Clark",33.5450460839934,"Blayre Turnbull",0,0,0,56.0357029044876,"8/2/2022",2021,"Olympic (Women) - United States","Olympic (Women) - Canada","home",1,"5 on 4",0,1,"Play",0,"Direct","Amanda Kessel",123,18,0.892107605934143,0.891678869724274,4
"Cayla Barnes",194,50,39,4,27.4081099188586,"Blayre Turnbull",31.9176028272704,"Emily Clark",0,0,0,85.2349693494401,"8/2/2022",2021,"Olympic (Women) - United States","Olympic (Women) - Canada","home",2,"5 on 4",2,3,"Play",1,"Direct","Abby Roque",123,83,0.87992662191391,0.831723928451538,5
"Cayla Barnes",541,130,22,5,26.2789949976107,"Emily Clark",37.8848016079627,"Blayre Turnbull",0,0,0,31.9061122670876,"8/2/2022",2021,"Olympic (Women) - United States","Olympic (Women) - Canada","home",3,"5 on 4",2,4,"Play",1,"Direct","Hilary Knight",157,5,0.94026118516922,0.918738782405853,3
"Cayla Barnes",945,24,57,2,5.03596173837365,"Jocelyne Larocque",18.6239332309921,"Emma Maltais",0,0,0,25.4558441227157,"8/2/2022",2021,"Olympic (Women) - United States","Olympic (Women) - Canada","home",2,"5 on 4",0,1,"Play",1,"Direct","Hannah Brandt",42,75,0.943243741989136,0.952110111713409,6
"Cayla Barnes",988,129,21,5,20.0837305984484,"Blayre Turnbull",25.5568337744966,"Emily Clark",0,0,0,49.3659801887899,"8/2/2022",2021,"Olympic (Women) - United States","Olympic (Women) - Canada","home",2,"5 on 4",0,1,"Play",1,"Direct","Jincy Dunne",135,70,0.973611116409302,0.962355315685272,3
"Claire Thompson",176,133,44,4,83.2036399926199,NA,98.8009136829105,"Keely Moy",0,0,0,20.8806130178211,"14/2/2022",2021,"Olympic (Women) - Canada","Olympic (Women) - Switzerland","home",2,"5 on 4",8,3,"Play",1,"Direct","Melodie Daoust",139,24,0.924336016178131,0.928518116474152,3
"Claire Thompson",191,133,25,4,88.3947326735503,NA,101.111190137807,"Keely Moy",0,0,0,44.6430285710994,"14/2/2022",2021,"Olympic (Women) - Canada","Olympic (Women) - Switzerland","home",2,"5 on 4",8,3,"Play",1,"Direct","Jocelyne Larocque",145,68,0.973611116409302,0.848085403442383,3
"Claire Thompson",201,138,33,4,94.197330273298,NA,109.192872037118,"Keely Moy",0,0,0,22.2036033111745,"14/2/2022",2021,"Olympic (Women) - Canada","Olympic (Women) - Switzerland","home",2,"5 on 4",8,3,"Play",1,"Direct","Sarah Nurse",141,55,0.954970717430115,0.626485407352448,3
"Dominique Ruegg",252,64,59,4,9.3290511,"Jillian Saulnier",12.16088679,"Mich Zandee-Hart",0,0,0,33,"14/2/2022",2021,"Olympic (Women) - Switzerland","Olympic (Women) - Canada","away",1,"5 on 4",0,5,"Play",1,"Direct","Rahel Enzler",97,59,0.943243741989136,0.952110111713409,5
"Dominique Ruegg",38,196,56,5,162.724647952884,"Susanna Tapani",163.454420663139,"Michelle Karvinen",0,0,0,25.0798724079689,"16/2/2022",2021,"Olympic (Women) - Switzerland","Olympic (Women) - Finland","away",1,"5 on 4",0,1,"Play",1,"Direct","Nicole Vallario",186,79,0.976645231246948,0.980939030647278,8
"Dominique Ruegg",56,197,43,5,151.065473793196,"Michelle Karvinen",152.393437904365,"Susanna Tapani",0,0,0,40.7185461430047,"16/2/2022",2021,"Olympic (Women) - Switzerland","Olympic (Women) - Finland","away",1,"5 on 4",0,1,"Play",1,"Direct","Evelina Raselli",180,80,0.943028926849365,0.917315602302551,8
"Dominique Ruegg",662,156,33,5,114.33081389344,"Olga Sosina",131.457983538798,"Anna Shibanova",0,0,0,21.540659228538,"12/2/2022",2021,"Olympic (Women) - Switzerland","Olympic (Women) - Olympic Athletes from Russia","away",3,"5 on 4",2,1,"Play",1,"Direct","Rahel Enzler",164,53,0.976588606834412,0.960358023643494,1
"Elisa Holopainen",127,166,17,5,6.30314672845573,"Anna Savonina",8.13133151074311,"Veronika Korzhakova",0,0,0,45.0111097397076,"8/2/2022",2021,"Olympic (Women) - Finland","Olympic (Women) - Olympic Athletes from Russia","home",1,"5 on 4",1,0,"Play",0,"Direct","Nelli Laitinen",167,62,0.973485708236694,0.973146557807922,1
"Elisa Holopainen",139,176,12,5,25.4761706716849,"Anna Savonina",28.0136772237279,"Maria Sorokina",0,0,0,46.2709412050371,"8/2/2022",2021,"Olympic (Women) - Finland","Olympic (Women) - Olympic Athletes from Russia","home",1,"5 on 4",1,0,"Play",1,"Direct","Minnamari Tuominen",130,7,0.975635528564453,0.979363739490509,10
"Elisa Holopainen",145,193,22,5,140.123906268869,"Noemi Ryhner",143.193362403058,"Alina Muller",0,0,0,6.70820393249937,"16/2/2022",2021,"Olympic (Women) - Finland","Olympic (Women) - Switzerland","home",2,"5 on 4",1,0,"Play",1,"Direct","Viivi Vainikka",190,28,0.95469206571579,0.964821875095367,8
"Elisa Holopainen",156,148,5,5,31.5729093653257,"Veronika Korzhakova",43.4868743979518,"Maria Batalova",0,0,0,21.9317121994613,"8/2/2022",2021,"Olympic (Women) - Finland","Olympic (Women) - Olympic Athletes from Russia","home",1,"5 on 4",1,0,"Play",1,"Direct","Minnamari Tuominen",133,21,0.846366286277771,0.898315668106079,3
"Elisa Holopainen",165,187,25,5,94.7479427164118,"Alina Muller",100.152530666787,"Noemi Ryhner",0,0,0,16.2788205960997,"16/2/2022",2021,"Olympic (Women) - Finland","Olympic (Women) - Switzerland","home",2,"5 on 4",1,0,"Play",1,"Direct","Ronja Savolainen",175,36,0.957836031913757,0.979363739490509,8
"Elisa Holopainen",180,156,4,5,47.6942855583767,"Noemi Ryhner",50.6245936299422,"Alina Muller",0,0,0,30.6104557300279,"16/2/2022",2021,"Olympic (Women) - Finland","Olympic (Women) - Switzerland","home",2,"5 on 4",1,0,"Play",1,"Direct","Minnamari Tuominen",132,23,0.960554599761963,0.973146557807922,10
"Elisa Holopainen",189,171,20,5,41.9707896514559,"Noemi Ryhner",42.2773678489427,"Alina Muller",0,0,0,44.7213595499958,"16/2/2022",2021,"Olympic (Women) - Finland","Olympic (Women) - Switzerland","home",2,"5 on 4",1,0,"Play",1,"Direct","Minnamari Tuominen",131,40,0.935693264007568,0.910687863826752,10
"Elisa Holopainen",200,166,20,5,125.557467574642,"Alina Muller",136.373650199759,"Sarah Forster",0,0,0,45.0444225182208,"16/2/2022",2021,"Olympic (Women) - Finland","Olympic (Women) - Switzerland","home",2,"5 on 4",1,0,"Play",0,"Direct","Nelli Laitinen",164,65,0.965646624565125,0.940833210945129,1
"Elisa Holopainen",355,161,26,4,8.5625738854961,NA,10.3524535171788,"Lena Marie Lutz",0,0,0,34.8855270850248,"16/2/2022",2021,"Olympic (Women) - Finland","Olympic (Women) - Switzerland","home",3,"5 on 4",2,0,"Play",1,"Direct","Minnamari Tuominen",130,42,0.959203839302063,0.963237464427948,10
"Elisa Holopainen",360,164,4,4,32.0225179529214,"Lena Marie Lutz",37.0962957695381,NA,0,0,0,51.6236379965612,"16/2/2022",2021,"Olympic (Women) - Finland","Olympic (Women) - Switzerland","home",3,"5 on 4",2,0,"Play",1,"Direct","Minnamari Tuominen",128,41,0.485464781522751,0.699849545955658,10
"Elisa Holopainen",368,136,5,3,31.6674433429351,NA,35.3071487651119,"Lena Marie Lutz",0,0,0,21.9317121994613,"16/2/2022",2021,"Olympic (Women) - Finland","Olympic (Women) - Switzerland","home",3,"5 on 4",2,0,"Play",1,"Direct","Minnamari Tuominen",127,25,0.958127915859222,0.905270636081696,3
"Elisa Holopainen",780,189,34,5,1.32822257836571,"Polina Luchnikova",9.60867336813337,"Valeria Merkusheva",1,0,0,13.9283882771841,"8/2/2022",2021,"Olympic (Women) - Finland","Olympic (Women) - Olympic Athletes from Russia","home",3,"5 on 4",5,0,"Play",1,"Direct","Ronja Savolainen",176,39,0.781166851520538,0.855013370513916,8
"Elisa Holopainen",790,141,3,5,34.533269308949,"Polina Luchnikova",46.6408953667525,"Oxana Bratishcheva",0,0,0,34.0147027033899,"8/2/2022",2021,"Olympic (Women) - Finland","Olympic (Women) - Olympic Athletes from Russia","home",3,"5 on 4",5,0,"Play",1,"Direct","Nelli Laitinen",127,34,0.741955518722534,0.745256662368774,3
"Erin Ambrose",124,140,20,4,6.09079244401289,"Sarah Forster",7.61050787734041,NA,0,0,0,30.0665927567458,"14/2/2022",2021,"Olympic (Women) - Canada","Olympic (Women) - Switzerland","home",2,"5 on 4",8,3,"Play",1,"Direct","Rebecca Johnston",170,18,0.976588606834412,0.946235537528992,1
"Erin Ambrose",139,135,51,4,84.7669525278306,NA,103.641363415535,"Keely Moy",0,0,0,47.5184174820669,"14/2/2022",2021,"Olympic (Women) - Canada","Olympic (Women) - Switzerland","home",2,"5 on 4",8,3,"Play",1,"Direct","Marie-Philip Poulin",142,4,0.970833837985992,0.97714102268219,3
"Erin Ambrose",155,131,50,4,79.2327122803712,NA,91.354909219617,"Keely Moy",0,0,0,29.5465734053883,"14/2/2022",2021,"Olympic (Women) - Canada","Olympic (Women) - Switzerland","home",2,"5 on 4",8,3,"Play",1,"Direct","Melodie Daoust",143,23,0.958482146263123,0.974939405918121,3
"Erin Ambrose",355,130,51,5,10.6152275697513,"Amanda Kessel",30.1132761192066,"Alex Carpenter",0,0,0,30.6757233003559,"8/2/2022",2021,"Olympic (Women) - Canada","Olympic (Women) - United States","away",1,"5 on 4",0,0,"Play",1,"Direct","Marie-Philip Poulin",140,22,0.955304026603699,0.828032433986664,3
"Erin Ambrose",359,133,50,5,29.4323764678769,"Amanda Kessel",34.9686738060224,"Alex Carpenter",0,0,0,12.369316876853,"8/2/2022",2021,"Olympic (Women) - Canada","Olympic (Women) - United States","away",1,"5 on 4",0,0,"Play",1,"Direct","Rebecca Johnston",136,62,0.961156070232391,0.937608420848846,3
"Erin Ambrose",363,139,55,5,0.606454326290965,"Maddie Rooney",3.99501315378476,"Megan Keller",2,0,0,39.2173431022552,"8/2/2022",2021,"Olympic (Women) - Canada","Olympic (Women) - United States","away",1,"5 on 4",0,0,"Play",1,"Direct","Brianne Jenner",176,42,0.972968697547913,0.94278746843338,1
"Evelina Raselli",42,174,12,5,74.401987263832,"Susanna Tapani",77.6549955897124,"Michelle Karvinen",0,0,0,17.6918060129541,"16/2/2022",2021,"Olympic (Women) - Switzerland","Olympic (Women) - Finland","away",1,"5 on 4",0,1,"Play",1,"Direct","Rahel Enzler",162,25,0.870819449424744,0.883619666099548,8
"Evelina Raselli",45,156,5,5,11.5936092791493,"Susanna Tapani",23.1180029312931,"Minnamari Tuominen",0,0,0,26.0192236625154,"16/2/2022",2021,"Olympic (Women) - Switzerland","Olympic (Women) - Finland","away",1,"5 on 4",0,1,"Play",1,"Direct","Sinja Leemann",130,6,0.947223961353302,0.840209662914276,10
"Evelina Raselli",54,165,82,5,4.38835442405018,"Anni Keisala",4.55908412606124,"Michelle Karvinen",1,0,0,26.6833281282527,"16/2/2022",2021,"Olympic (Women) - Switzerland","Olympic (Women) - Finland","away",1,"5 on 4",0,1,"Play",1,"Direct","Nicole Vallario",139,76,0.890241622924805,0.957943975925446,10
"Hannah Brandt",135,80,79,2,2.68502595592413,"Sarah Nurse",4.01209685912298,"Brianne Jenner",2,0,0,34.6698716467194,"8/2/2022",2021,"Olympic (Women) - United States","Olympic (Women) - Canada","home",1,"5 on 4",0,1,"Play",1,"Direct","Hilary Knight",109,60,0.973485708236694,0.973146557807922,4
"Hannah Brandt",944,58,77,3,24.0317007814439,"Laura Stacey",48.1234339948551,"Emma Maltais",0,0,0,57.4891294072192,"8/2/2022",2021,"Olympic (Women) - United States","Olympic (Women) - Canada","home",2,"5 on 4",0,1,"Play",1,"Direct","Kendall Coyne Schofield",95,33,0.967650651931763,0.95184737443924,5
"Hannah Brandt",980,164,23,5,16.0150419997276,"Ann-Renee Desbiens",21.3227430983923,"Renata Fast",0,0,0,23.7697286480094,"8/2/2022",2021,"Olympic (Women) - United States","Olympic (Women) - Canada","home",2,"5 on 4",0,1,"Play",1,"Direct","Hilary Knight",187,29,0.785778939723969,0.867859125137329,8
"Hilary Knight",125,159,7,5,54.910667350105,"Sarah Nurse",61.7392310955989,"Brianne Jenner",0,0,0,39.6988664825584,"8/2/2022",2021,"Olympic (Women) - United States","Olympic (Women) - Canada","home",1,"5 on 4",0,1,"Play",1,"Direct","Savannah Harmon",129,33,0.959203839302063,0.963237464427948,10
"Hilary Knight",221,72,76,4,3.82845733980527,"Emma Maltais",10.7119381852614,"Ashton Bell",1,0,0,53.8144961882948,"8/2/2022",2021,"Olympic (Women) - United States","Olympic (Women) - Canada","home",2,"5 on 4",2,3,"Play",1,"Direct","Kendall Coyne Schofield",108,36,0.785778939723969,0.867859125137329,4
"Hilary Knight",544,168,14,5,44.9780295875083,"Mich Zandee-Hart",48.3935839578165,"Blayre Turnbull",0,0,0,29.4108823397055,"8/2/2022",2021,"Olympic (Women) - United States","Olympic (Women) - Canada","home",3,"5 on 4",2,4,"Play",1,"Direct","Cayla Barnes",140,5,0.978201627731323,0.920147180557251,10
"Hilary Knight",938,157,7,5,22.0719136845208,"Jocelyne Larocque",33.6125965850104,"Laura Stacey",0,0,0,34.2052627529741,"8/2/2022",2021,"Olympic (Women) - United States","Olympic (Women) - Canada","home",2,"5 on 4",0,1,"Play",1,"Direct","Kelly Pannek",130,28,0.962219893932343,0.951475083827972,10
"Hilary Knight",983,193,18,5,13.807458397113,"Emily Clark",20.4559689901061,"Renata Fast",0,0,0,35.6931365951495,"8/2/2022",2021,"Olympic (Women) - United States","Olympic (Women) - Canada","home",2,"5 on 4",0,1,"Play",1,"Direct","Hannah Brandt",158,11,0.770760834217072,0.851606726646423,7
"Hilary Knight",989,157,12,5,29.2895630732963,"Emily Clark",31.2295490951585,"Ann-Renee Desbiens",0,0,0,23.0217288664427,"8/2/2022",2021,"Olympic (Women) - United States","Olympic (Women) - Canada","home",2,"5 on 4",0,1,"Play",1,"Direct","Cayla Barnes",134,11,0.958127915859222,0.905270636081696,10
"Jenni Hiirikoski",390,134,46,5,8.56676446577621,"Alina Muller",29.3992556520174,"Noemi Ryhner",0,0,0,34.7131099154196,"16/2/2022",2021,"Olympic (Women) - Finland","Olympic (Women) - Switzerland","home",1,"5 on 4",1,0,"Play",1,"Direct","Petra Nieminen",160,69,0.633608400821686,0.895874738693237,1
"Jenni Hiirikoski",67,134,8,5,8.70179939369656,"Sinja Leemann",18.3297194214424,"Noemi Ryhner",0,0,0,66.1211010192662,"16/2/2022",2021,"Olympic (Women) - Finland","Olympic (Women) - Switzerland","home",3,"5 on 4",3,0,"Play",1,"Direct","Michelle Karvinen",138,74,0.96247124671936,0.929784417152405,3
"Jenni Hiirikoski",841,130,42,5,12.113690388953,"Alexandra Vafina",12.9922921070036,"Valeria Pavlova",0,0,0,42.2018956920184,"8/2/2022",2021,"Olympic (Women) - Finland","Olympic (Women) - Olympic Athletes from Russia","home",3,"5 on 4",5,0,"Play",1,"Direct","Noora Tulus",164,17,0.962219893932343,0.951475083827972,1
"Jincy Dunne",164,158,60,4,2.20347280376239,"Emily Clark",2.30956100859054,"Ashton Bell",2,0,0,30.2654919008431,"8/2/2022",2021,"Olympic (Women) - United States","Olympic (Women) - Canada","home",2,"5 on 4",2,3,"Play",0,"Direct","Cayla Barnes",154,30,0.570379614830017,0.634742021560669,10
"Jincy Dunne",180,143,67,5,5.06773588736439,"Emily Clark",7.08350323636177,"Blayre Turnbull",0,0,0,47.0106370941726,"8/2/2022",2021,"Olympic (Women) - United States","Olympic (Women) - Canada","home",2,"5 on 4",2,3,"Play",1,"Direct","Cayla Barnes",162,24,0.975635528564453,0.979363739490509,1
"Jocelyne Larocque",166,154,34,4,117.83954134,NA,128.05223417,"Keely Moy",0,0,0,21,"14/2/2022",2021,"Olympic (Women) - Canada","Olympic (Women) - Switzerland","home",2,"5 on 4",8,3,"Play",1,"Direct","Sarah Nurse",154,55,0.633608400821686,0.895874738693237,1
"Jocelyne Larocque",189,160,67,4,127.152445008459,NA,130.211756452816,"Keely Moy",0,0,0,46.0434577328854,"14/2/2022",2021,"Olympic (Women) - Canada","Olympic (Women) - Switzerland","home",2,"5 on 4",8,3,"Play",1,"Direct","Melodie Daoust",158,21,0.975163519382477,0.968687295913696,1
"Jocelyne Larocque",192,149,7,4,60.8367327292914,"Keely Moy",62.336945879128,NA,0,0,0,26.1725046566048,"14/2/2022",2021,"Olympic (Women) - Canada","Olympic (Women) - Switzerland","home",2,"5 on 4",8,3,"Play",1,"Direct","Claire Thompson",131,26,0.917517364025116,0.945944786071777,3
"Jocelyne Larocque",204,136,61,4,0.632926836199765,"Keely Moy",3.07291100168675,"Stefanie Wetli",2,0,0,43.0464865000618,"14/2/2022",2021,"Olympic (Women) - Canada","Olympic (Women) - Switzerland","home",2,"5 on 4",8,3,"Play",1,"Direct","Sarah Nurse",179,63,0.960275113582611,0.962355315685272,1
"Keely Moy",723,196,63,5,126.407248502873,"Polina Luchnikova",131.968279621124,"Oxana Bratishcheva",0,0,0,18.3575597506858,"12/2/2022",2021,"Olympic (Women) - Switzerland","Olympic (Women) - Olympic Athletes from Russia","away",1,"5 on 4",0,0,"Play",0,"Direct","Lara Christen",187,47,0.955924808979034,0.951475083827972,7
"Keely Moy",726,195,32,5,71.5470909996501,"Veronika Korzhakova",80.5291950083693,"Alexandra Vafina",0,0,0,16.6433169770932,"12/2/2022",2021,"Olympic (Women) - Switzerland","Olympic (Women) - Olympic Athletes from Russia","away",3,"5 on 4",2,1,"Play",1,"Direct","Phoebe Staenz",181,41,0.770760834217072,0.851606726646423,8
"Keely Moy",747,137,49,5,84.61626995,"Polina Luchnikova",101.68889358,"Oxana Bratishcheva",0,0,0,9,"12/2/2022",2021,"Olympic (Women) - Switzerland","Olympic (Women) - Olympic Athletes from Russia","away",1,"5 on 4",0,0,"Play",1,"Direct","Lara Christen",137,40,0.975635528564453,0.979363739490509,3
"Kelly Pannek",212,136,75,4,38.6223385624023,"Renata Fast",45.7532828449291,"Blayre Turnbull",0,0,0,55.7135531087365,"8/2/2022",2021,"Olympic (Women) - United States","Olympic (Women) - Canada","home",1,"5 on 4",0,1,"Play",1,"Direct","Abby Roque",188,55,0.391676962375641,0.81287008523941,1
"Kelly Pannek",896,137,82,4,2.56521230000001,"Mich Zandee-Hart",4.4806705,"Ashton Bell",2,0,0,19,"8/2/2022",2021,"Olympic (Women) - United States","Olympic (Women) - Canada","home",2,"5 on 4",0,1,"Play",1,"Direct","Alex Carpenter",137,63,0.94377326965332,0.895247399806976,3
"Kendall Coyne Schofield",941,138,45,2,3.38127146982141,"Mich Zandee-Hart",24.9884755581555,"Emma Maltais",1,0,0,28.3196045170126,"8/2/2022",2021,"Olympic (Women) - United States","Olympic (Women) - Canada","home",2,"5 on 4",0,1,"Play",1,"Direct","Hilary Knight",159,26,0.846366286277771,0.898315668106079,1
"Lara Christen",548,55,24,2,32.1929419498482,"Petra Nieminen",40.706339266015,"Noora Tulus",0,0,0,39.1152144312159,"16/2/2022",2021,"Olympic (Women) - Switzerland","Olympic (Women) - Finland","away",2,"5 on 4",0,1,"Play",1,"Direct","Alina Muller",88,3,0.940205454826355,0.904152572154999,5
"Lara Christen",571,60,36,2,6.85350488120457,"Susanna Tapani",13.0726550338167,"Michelle Karvinen",0,0,0,68.2495421230062,"16/2/2022",2021,"Olympic (Women) - Switzerland","Olympic (Women) - Finland","away",2,"5 on 4",0,1,"Play",1,"Direct","Lara Stalder",113,79,0.954970717430115,0.947255849838257,5
"Lara Christen",591,157,9,5,0.0346260377174205,"Susanna Tapani",8.57598529217135,"Ronja Savolainen",1,0,0,38.3275357934736,"16/2/2022",2021,"Olympic (Women) - Switzerland","Olympic (Women) - Finland","away",2,"5 on 4",0,1,"Play",0,"Direct","Alina Muller",162,47,0.770760834217072,0.851606726646423,1
"Lara Christen",639,182,6,5,109.507523533813,"Michelle Karvinen",110.870383142187,"Susanna Tapani",0,0,0,13.4536240470737,"16/2/2022",2021,"Olympic (Women) - Switzerland","Olympic (Women) - Finland","away",1,"5 on 4",0,0,"Play",1,"Direct","Keely Moy",192,15,0.947223961353302,0.840209662914276,7
"Lara Christen",645,134,38,2,39.5333980164881,"Oxana Bratishcheva",50.8898161589857,"Olga Sosina",0,0,0,33.2866339541865,"12/2/2022",2021,"Olympic (Women) - Switzerland","Olympic (Women) - Olympic Athletes from Russia","away",3,"5 on 4",2,1,"Play",1,"Direct","Lara Stalder",152,66,0.899490892887115,0.889119505882263,3
"Lara Christen",648,133,40,5,85.1459481911789,"Michelle Karvinen",86.9905987809188,"Jenni Hiirikoski",0,0,0,16.7630546142402,"16/2/2022",2021,"Olympic (Women) - Switzerland","Olympic (Women) - Finland","away",1,"5 on 4",0,0,"Play",1,"Direct","Alina Muller",138,24,0.91675990819931,0.939236342906952,3
"Lara Christen",651,134,33,5,86.8452097852997,"Michelle Karvinen",92.3627432854493,"Susanna Tapani",0,0,0,34.5253530032641,"16/2/2022",2021,"Olympic (Women) - Switzerland","Olympic (Women) - Finland","away",1,"5 on 4",0,0,"Play",1,"Direct","Lara Stalder",140,67,0.917517364025116,0.945944786071777,3
"Lara Christen",652,137,36,5,60.1602630256693,"Olga Sosina",84.6675603753335,"Oxana Bratishcheva",0,0,0,24.4131112314674,"12/2/2022",2021,"Olympic (Women) - Switzerland","Olympic (Women) - Olympic Athletes from Russia","away",3,"5 on 4",2,1,"Play",1,"Direct","Lara Stalder",151,56,0.94026118516922,0.918738782405853,3
"Lara Christen",655,130,60,5,84.8862187270105,"Olga Sosina",94.3809360578558,"Oxana Bratishcheva",0,0,0,37.0135110466435,"12/2/2022",2021,"Olympic (Women) - Switzerland","Olympic (Women) - Olympic Athletes from Russia","away",3,"5 on 4",2,1,"Play",1,"Direct","Alina Muller",131,23,0.970833837985992,0.97428822517395,3
"Lara Christen",674,136,17,5,84.3621106799576,"Sarah Nurse",101.216449829612,"Laura Stacey",0,0,0,42.1070065428546,"14/2/2022",2021,"Olympic (Women) - Switzerland","Olympic (Women) - Canada","away",3,"5 on 4",3,9,"Play",1,"Direct","Lara Stalder",139,59,0.94026118516922,0.918738782405853,3
"Lara Christen",708,81,45,2,9.10413144684714,"Oxana Bratishcheva",19.0075360635929,"Olga Sosina",0,0,0,57.3846669416143,"12/2/2022",2021,"Olympic (Women) - Switzerland","Olympic (Women) - Olympic Athletes from Russia","away",3,"5 on 4",2,1,"Play",1,"Direct","Alina Muller",124,7,0.95469206571579,0.964821875095367,4
"Lara Christen",730,132,83,4,25.7717685219649,"Veronika Korzhakova",28.0333102051139,"Yelena Provorova",0,0,0,53.2353266168247,"12/2/2022",2021,"Olympic (Women) - Switzerland","Olympic (Women) - Olympic Athletes from Russia","away",3,"5 on 4",2,1,"Play",1,"Direct","Keely Moy",185,78,0.977908909320831,0.974660336971283,1
"Lara Christen",739,128,48,5,69.0616274295622,"Polina Luchnikova",90.9861897638346,"Yelena Provorova",0,0,0,26.5706605111728,"12/2/2022",2021,"Olympic (Women) - Switzerland","Olympic (Women) - Olympic Athletes from Russia","away",1,"5 on 4",0,0,"Play",1,"Direct","Alina Muller",137,23,0.877865850925446,0.8701131939888,3
"Lara Christen",739,132,42,5,86.2887090289643,"Veronika Korzhakova",92.2840878197025,"Alexandra Vafina",0,0,0,19.0262975904404,"12/2/2022",2021,"Olympic (Women) - Switzerland","Olympic (Women) - Olympic Athletes from Russia","away",3,"5 on 4",2,1,"Play",1,"Direct","Alina Muller",131,23,0.896539270877838,0.946839094161987,3
"Lara Christen",743,137,46,5,59.3684283363208,"Oxana Bratishcheva",62.8655033054655,"Polina Luchnikova",0,0,0,32.5269119345812,"12/2/2022",2021,"Olympic (Women) - Switzerland","Olympic (Women) - Olympic Athletes from Russia","away",1,"5 on 4",0,0,"Play",1,"Direct","Lara Stalder",160,69,0.954532027244568,0.924295842647552,1
"Lara Christen",746,137,40,5,63.2674768896649,"Polina Luchnikova",80.9055447759496,"Oxana Bratishcheva",0,0,0,17.2046505340853,"12/2/2022",2021,"Olympic (Women) - Switzerland","Olympic (Women) - Olympic Athletes from Russia","away",1,"5 on 4",0,0,"Play",1,"Direct","Alina Muller",147,26,0.485464781522751,0.699849545955658,3
"Lara Stalder",570,113,79,4,3.37858615504545,"Jenni Hiirikoski",13.1716845204378,"Ronja Savolainen",1,0,0,34.4818792991333,"16/2/2022",2021,"Olympic (Women) - Switzerland","Olympic (Women) - Finland","away",2,"5 on 4",0,1,"Play",0,"Direct","Keely Moy",123,46,0.592326283454895,0.860687494277954,4
"Lara Stalder",650,144,70,5,62.7708911153195,"Michelle Karvinen",71.8701420998635,"Susanna Tapani",0,0,0,29.1547594742265,"16/2/2022",2021,"Olympic (Women) - Switzerland","Olympic (Women) - Finland","away",1,"5 on 4",0,0,"Play",1,"Direct","Lara Christen",129,45,0.870819449424744,0.883619666099548,3
"Lara Stalder",655,88,62,4,3.5203712840484,"Jillian Saulnier",4.52393984663039,"Emma Maltais",1,0,0,57.6974869470066,"14/2/2022",2021,"Olympic (Women) - Switzerland","Olympic (Women) - Canada","away",3,"5 on 4",3,9,"Play",0,"Direct","Alina Muller",113,10,0.730715215206146,0.922424912452698,4
"Lara Stalder",657,154,77,5,56.7236499328876,"Olga Sosina",60.8011984350212,"Oxana Bratishcheva",0,0,0,20.3960780543711,"12/2/2022",2021,"Olympic (Women) - Switzerland","Olympic (Women) - Olympic Athletes from Russia","away",3,"5 on 4",2,1,"Play",1,"Direct","Lara Christen",134,81,0.0604560151696205,0.088855005800724,10
"Lara Stalder",742,142,70,5,67.9747238782387,"Polina Luchnikova",76.789566310365,"Oxana Bratishcheva",0,0,0,26.0768096208106,"12/2/2022",2021,"Olympic (Women) - Switzerland","Olympic (Women) - Olympic Athletes from Russia","away",1,"5 on 4",0,0,"Play",1,"Direct","Lara Christen",128,48,0.103324539959431,0.0775733068585396,3
"Marie-Philip Poulin",107,181,3,4,138.702972307124,NA,148.728803165391,"Noemi Ryhner",0,0,0,26.8328157299975,"14/2/2022",2021,"Olympic (Women) - Canada","Olympic (Women) - Switzerland","home",2,"5 on 4",8,3,"Play",1,"Direct","Brianne Jenner",193,27,0.089159294962883,0.0693348720669746,8
"Marie-Philip Poulin",116,150,24,4,56.4805173869746,"Noemi Ryhner",66.6030401316722,NA,0,0,0,25.4950975679639,"14/2/2022",2021,"Olympic (Women) - Canada","Olympic (Women) - Switzerland","home",2,"5 on 4",8,3,"Play",1,"Direct","Erin Ambrose",131,41,0.0604560151696205,0.088855005800724,3
"Marie-Philip Poulin",128,128,15,3,15.4910731200042,"Noemi Ryhner",39.9865742272341,NA,0,0,0,14.7648230602334,"14/2/2022",2021,"Olympic (Women) - Canada","Olympic (Women) - Switzerland","home",2,"5 on 4",8,3,"Play",1,"Direct","Rebecca Johnston",135,2,0.101795025169849,0.0638723969459534,3
"Marie-Philip Poulin",136,165,13,4,42.7863183337526,NA,46.0878222255718,"Keely Moy",0,0,0,19.723082923316,"14/2/2022",2021,"Olympic (Women) - Canada","Olympic (Women) - Switzerland","home",2,"5 on 4",8,3,"Play",1,"Direct","Rebecca Johnston",148,23,0.146133452653885,0.106637321412563,10
"Marie-Philip Poulin",365,130,17,5,13.3703344093508,"Alex Carpenter",30.8820030271745,"Amanda Kessel",0,0,0,38.1182371050918,"8/2/2022",2021,"Olympic (Women) - Canada","Olympic (Women) - United States","away",1,"5 on 4",0,0,"Play",1,"Direct","Erin Ambrose",133,55,0.0563192255795002,0.115687847137451,3
"Marie-Philip Poulin",373,161,3,5,31.6192487056965,"Amanda Kessel",37.5197325780846,"Alex Carpenter",0,0,0,24.0831891575846,"8/2/2022",2021,"Olympic (Women) - Canada","Olympic (Women) - United States","away",1,"5 on 4",0,0,"Play",1,"Direct","Rebecca Johnston",143,19,0.248827621340752,0.197685390710831,10
"Megan Keller",917,135,42,5,16.5619629017109,"Emma Maltais",30.8015670933682,"Laura Stacey",0,0,0,26.5706605111728,"8/2/2022",2021,"Olympic (Women) - United States","Olympic (Women) - Canada","home",2,"5 on 4",0,1,"Play",1,"Direct","Alex Carpenter",144,17,0.101795025169849,0.0638723969459534,3
"Megan Keller",930,133,4,5,35.745347119945,"Ann-Renee Desbiens",37.7449172725299,"Laura Stacey",0,0,0,34.132096331752,"8/2/2022",2021,"Olympic (Women) - United States","Olympic (Women) - Canada","home",2,"5 on 4",0,1,"Play",1,"Direct","Amanda Kessel",167,7,0.0967271402478218,0.130676880478859,1
"Melodie Daoust",159,146,80,4,92.7834641511508,NA,95.63876617913,"Keely Moy",0,0,0,41.4366987102013,"14/2/2022",2021,"Olympic (Women) - Canada","Olympic (Women) - Switzerland","home",2,"5 on 4",8,3,"Play",1,"Direct","Erin Ambrose",132,41,0.089159294962883,0.0693348720669746,3
"Melodie Daoust",174,159,23,4,76.4319670210344,NA,77.272419772743,"Keely Moy",0,0,0,24.0416305603426,"14/2/2022",2021,"Olympic (Women) - Canada","Olympic (Women) - Switzerland","home",2,"5 on 4",8,3,"Play",1,"Direct","Claire Thompson",142,40,0.177797585725784,0.144507825374603,10
"Melodie Daoust",187,164,23,4,109.341344894894,"Sarah Forster",109.579186355332,NA,0,0,0,25.6124969497314,"14/2/2022",2021,"Olympic (Women) - Canada","Olympic (Women) - Switzerland","home",2,"5 on 4",8,3,"Play",0,"Direct","Natalie Spooner",180,43,0.248827621340752,0.197685390710831,7
"Michelle Karvinen",137,132,55,5,61.5339857374727,"Alina Muller",86.6875777590549,"Noemi Ryhner",0,0,0,44.0454310910905,"16/2/2022",2021,"Olympic (Women) - Finland","Olympic (Women) - Switzerland","home",2,"5 on 4",1,0,"Play",1,"Direct","Elisa Holopainen",160,21,0.0745730698108673,0.0718630850315094,1
"Michelle Karvinen",65,157,69,5,11.0676190229265,"Noemi Ryhner",20.04872519462,"Lara Christen",0,0,0,30.2654919008431,"16/2/2022",2021,"Olympic (Women) - Finland","Olympic (Women) - Switzerland","home",3,"5 on 4",3,0,"Play",1,"Direct","Petra Nieminen",187,65,0.155789777636528,0.138872087001801,1
"Michelle Karvinen",844,161,80,5,31.3686536187871,"Valeria Pavlova",38.9628574164349,"Alexandra Vafina",0,0,0,48.1663783151692,"8/2/2022",2021,"Olympic (Women) - Finland","Olympic (Women) - Olympic Athletes from Russia","home",3,"5 on 4",5,0,"Play",1,"Direct","Jenni Hiirikoski",129,44,0.101795025169849,0.0638723969459534,10
"Michelle Karvinen",878,143,64,5,4.39979610390659,"Nina Pirogova",5.50980390292354,"Valeria Pavlova",1,0,0,34.6554469023269,"8/2/2022",2021,"Olympic (Women) - Finland","Olympic (Women) - Olympic Athletes from Russia","home",3,"5 on 4",5,0,"Play",1,"Direct","Petra Nieminen",167,39,0.0604560151696205,0.110146403312683,1
"Minnamari Tuominen",102,46,42,5,57.7557334622255,"Lara Christen",58.1257935128237,"Alina Muller",0,0,0,46.518813398452,"16/2/2022",2021,"Olympic (Women) - Finland","Olympic (Women) - Switzerland","home",3,"5 on 4",3,0,"Play",1,"Direct","Elisa Holopainen",88,62,0.179419070482254,0.124843999743462,5
"Minnamari Tuominen",106,38,53,5,122.247063735515,"Alina Muller",125.768732943418,"Lara Christen",0,0,0,14.8660687473185,"16/2/2022",2021,"Olympic (Women) - Finland","Olympic (Women) - Switzerland","home",3,"5 on 4",3,0,"Play",1,"Direct","Nelli Laitinen",33,39,0.248827621340752,0.197685390710831,6
"Minnamari Tuominen",138,130,7,5,17.9437549898216,"Veronika Korzhakova",20.7578550893145,"Oxana Bratishcheva",0,0,0,56.7538544946508,"8/2/2022",2021,"Olympic (Women) - Finland","Olympic (Women) - Olympic Athletes from Russia","home",1,"5 on 4",1,0,"Play",1,"Direct","Nelli Laitinen",144,62,0.0954694524407387,0.075860433280468,3
"Minnamari Tuominen",154,136,27,5,15.4267351020433,"Oxana Bratishcheva",16.5217508480634,"Veronika Korzhakova",0,0,0,38.3275357934736,"8/2/2022",2021,"Olympic (Women) - Finland","Olympic (Women) - Olympic Athletes from Russia","home",1,"5 on 4",1,0,"Play",1,"Direct","Nelli Laitinen",146,64,0.103324539959431,0.0775733068585396,3
"Minnamari Tuominen",164,131,7,5,4.87874326398982,"Oxana Bratishcheva",16.3358406429611,"Veronika Korzhakova",0,0,0,55.3263047744922,"8/2/2022",2021,"Olympic (Women) - Finland","Olympic (Women) - Olympic Athletes from Russia","home",1,"5 on 4",1,0,"Play",1,"Direct","Nelli Laitinen",137,62,0.103324539959431,0.0775733068585396,3
"Minnamari Tuominen",167,147,20,5,25.9638393772701,"Noemi Ryhner",30.6845934681623,"Sarah Forster",0,0,0,31.1448230047949,"16/2/2022",2021,"Olympic (Women) - Finland","Olympic (Women) - Switzerland","home",2,"5 on 4",1,0,"Play",1,"Direct","Elisa Holopainen",178,23,0.0745730698108673,0.0718630850315094,1
"Minnamari Tuominen",174,147,18,5,103.531345782528,"Noemi Ryhner",108.329903995458,"Alina Muller",0,0,0,28.4429253066558,"16/2/2022",2021,"Olympic (Women) - Finland","Olympic (Women) - Switzerland","home",2,"5 on 4",1,0,"Play",1,"Direct","Ronja Savolainen",142,46,0.215260654687881,0.228487402200699,3
"Minnamari Tuominen",178,134,31,5,87.3114861375594,"Noemi Ryhner",100.422792111659,"Sarah Forster",0,0,0,40.3112887414927,"16/2/2022",2021,"Olympic (Women) - Finland","Olympic (Women) - Switzerland","home",2,"5 on 4",1,0,"Play",1,"Direct","Nelli Laitinen",150,68,0.0583615228533745,0.0662275031208992,3
"Minnamari Tuominen",186,138,51,5,79.3258089058903,"Noemi Ryhner",95.2131155670269,"Alina Muller",0,0,0,34.132096331752,"16/2/2022",2021,"Olympic (Women) - Finland","Olympic (Women) - Switzerland","home",2,"5 on 4",1,0,"Play",1,"Direct","Elisa Holopainen",156,22,0.215260654687881,0.228487402200699,3
"Minnamari Tuominen",191,135,39,5,47.1276026200578,"Alina Muller",47.9385359440613,"Noemi Ryhner",0,0,0,29.6816441593117,"16/2/2022",2021,"Olympic (Women) - Finland","Olympic (Women) - Switzerland","home",2,"5 on 4",1,0,"Play",1,"Direct","Elisa Holopainen",160,23,0.103324539959431,0.0775733068585396,1
"Minnamari Tuominen",193,134,48,5,51.1493141122676,"Noemi Ryhner",61.7297734864397,"Sarah Forster",0,0,0,33.4215499341368,"16/2/2022",2021,"Olympic (Women) - Finland","Olympic (Women) - Switzerland","home",2,"5 on 4",1,0,"Play",1,"Direct","Nelli Laitinen",160,69,0.101795025169849,0.0638723969459534,1
"Minnamari Tuominen",201,131,50,5,72.4408786227694,"Alina Muller",86.6793779737458,"Noemi Ryhner",0,0,0,37.2021504754766,"16/2/2022",2021,"Olympic (Women) - Finland","Olympic (Women) - Switzerland","home",2,"5 on 4",1,0,"Play",1,"Direct","Elisa Holopainen",153,20,0.177797585725784,0.144507825374603,3
"Minnamari Tuominen",204,128,62,4,65.4842864550847,"Alina Muller",74.2251724883561,"Noemi Ryhner",0,0,0,21.9317121994613,"16/2/2022",2021,"Olympic (Women) - Finland","Olympic (Women) - Switzerland","home",2,"5 on 4",1,0,"Play",1,"Direct","Nelli Laitinen",137,82,0.0954694524407387,0.075860433280468,3
"Minnamari Tuominen",216,83,46,3,1.10120524304904,"Noemi Ryhner",6.26357538418023,"Alina Muller",1,0,0,46.8187996428785,"16/2/2022",2021,"Olympic (Women) - Finland","Olympic (Women) - Switzerland","home",2,"5 on 4",1,0,"Play",1,"Direct","Ronja Savolainen",99,2,0.089159294962883,0.0693348720669746,4
"Minnamari Tuominen",358,138,60,4,26.8128785800176,"Sarah Forster",28.9480720398739,NA,0,0,0,27.7308492477241,"16/2/2022",2021,"Olympic (Women) - Finland","Olympic (Women) - Switzerland","home",3,"5 on 4",2,0,"Play",1,"Direct","Nelli Laitinen",163,72,0.0583615228533745,0.0662275031208992,1
"Minnamari Tuominen",365,130,40,2,16.8077677800628,NA,27.460033573082,"Lena Marie Lutz",0,0,0,12.0830459735946,"16/2/2022",2021,"Olympic (Women) - Finland","Olympic (Women) - Switzerland","home",3,"5 on 4",2,0,"Play",1,"Direct","Elisa Holopainen",135,29,0.0954694524407387,0.075860433280468,3
"Minnamari Tuominen",95,83,79,4,73.4102436025943,"Alina Muller",94.893400473284,"Stefanie Wetli",0,0,0,57.8705451849211,"16/2/2022",2021,"Olympic (Women) - Finland","Olympic (Women) - Switzerland","home",3,"5 on 4",3,0,"Play",1,"Direct","Nelli Laitinen",65,24,0.286811232566833,0.299935936927795,9
"Nelli Laitinen",104,41,18,5,130.251200265943,"Alina Muller",139.352532204823,"Stefanie Wetli",0,0,0,21.095023109729,"16/2/2022",2021,"Olympic (Women) - Finland","Olympic (Women) - Switzerland","home",3,"5 on 4",3,0,"Play",1,"Direct","Minnamari Tuominen",39,39,0.0604560151696205,0.088855005800724,6
"Nelli Laitinen",125,174,61,5,1.14191736771763,"Oxana Bratishcheva",3.29038948564567,"Maria Batalova",2,0,1,16.7630546142402,"8/2/2022",2021,"Olympic (Women) - Finland","Olympic (Women) - Olympic Athletes from Russia","home",1,"5 on 4",1,0,"Play",1,"Direct","Viivi Vainikka",179,45,0.179419070482254,0.124843999743462,7
"Nelli Laitinen",137,144,62,5,16.3794119204566,"Veronika Korzhakova",17.0946561783505,"Oxana Bratishcheva",0,0,0,32.2024843762092,"8/2/2022",2021,"Olympic (Women) - Finland","Olympic (Women) - Olympic Athletes from Russia","home",1,"5 on 4",1,0,"Play",1,"Direct","Minnamari Tuominen",130,33,0.155789777636528,0.138872087001801,3
"Nelli Laitinen",153,143,67,5,18.5421875746555,"Veronika Korzhakova",24.7363529224701,"Oxana Bratishcheva",0,0,0,36.8781778291715,"8/2/2022",2021,"Olympic (Women) - Finland","Olympic (Women) - Olympic Athletes from Russia","home",1,"5 on 4",1,0,"Play",1,"Direct","Minnamari Tuominen",135,31,0.0563192255795002,0.115687847137451,3
"Nelli Laitinen",158,134,67,5,96.6842345816681,"Alina Muller",106.569252364737,"Noemi Ryhner",0,0,0,46.5725240887801,"16/2/2022",2021,"Olympic (Women) - Finland","Olympic (Women) - Switzerland","home",2,"5 on 4",1,0,"Play",1,"Direct","Minnamari Tuominen",146,22,0.0583615228533745,0.0662275031208992,3
"Nelli Laitinen",168,130,74,4,90.1353756581583,"Alina Muller",105.072178035613,"Noemi Ryhner",0,0,0,56.6127194188726,"16/2/2022",2021,"Olympic (Women) - Finland","Olympic (Women) - Switzerland","home",2,"5 on 4",1,0,"Play",1,"Direct","Minnamari Tuominen",147,20,0.146133452653885,0.106637321412563,3
"Nelli Laitinen",171,162,77,5,30.0178207658855,"Veronika Korzhakova",30.7665635641254,"Oxana Bratishcheva",0,0,0,42.4264068711929,"8/2/2022",2021,"Olympic (Women) - Finland","Olympic (Women) - Olympic Athletes from Russia","home",1,"5 on 4",1,0,"Play",1,"Direct","Minnamari Tuominen",132,47,0.089159294962883,0.0693348720669746,10
"Nelli Laitinen",178,150,68,5,98.1186919067985,"Noemi Ryhner",112.955482135395,"Sarah Forster",0,0,0,48.2700735445887,"16/2/2022",2021,"Olympic (Women) - Finland","Olympic (Women) - Switzerland","home",2,"5 on 4",1,0,"Play",1,"Direct","Minnamari Tuominen",139,21,0.0975486859679222,0.140950575470924,3
"Nelli Laitinen",192,160,69,5,74.7710159614338,"Noemi Ryhner",86.4889875766468,"Sarah Forster",0,0,0,39.0512483795333,"16/2/2022",2021,"Olympic (Women) - Finland","Olympic (Women) - Switzerland","home",2,"5 on 4",1,0,"Play",1,"Direct","Minnamari Tuominen",135,39,0.0975486859679222,0.140950575470924,10
"Nelli Laitinen",197,156,84,5,60.0542163592218,"Noemi Ryhner",68.510479009681,"Sarah Forster",0,0,0,33.9705755029261,"16/2/2022",2021,"Olympic (Women) - Finland","Olympic (Women) - Switzerland","home",2,"5 on 4",1,0,"Play",1,"Direct","Minnamari Tuominen",133,59,0.0975486859679222,0.140950575470924,10
"Nelli Laitinen",203,144,79,4,60.4694734954392,"Noemi Ryhner",65.324047422437,"Alina Muller",0,0,0,23.43074902772,"16/2/2022",2021,"Olympic (Women) - Finland","Olympic (Women) - Switzerland","home",2,"5 on 4",1,0,"Play",1,"Direct","Minnamari Tuominen",129,61,0.0975486859679222,0.140950575470924,3
"Nelli Laitinen",206,127,78,3,69.0546518901479,"Shannon Sigrist",75.2802197055393,"Alina Muller",0,0,0,21.2132034355964,"16/2/2022",2021,"Olympic (Women) - Finland","Olympic (Women) - Switzerland","home",2,"5 on 4",1,0,"Play",1,"Direct","Minnamari Tuominen",130,57,0.232811734080315,0.169661268591881,3
"Nelli Laitinen",357,163,72,4,2.24096281488097,NA,15.0167967891334,"Lena Marie Lutz",1,0,0,23.7697286480094,"16/2/2022",2021,"Olympic (Women) - Finland","Olympic (Women) - Switzerland","home",3,"5 on 4",2,0,"Play",1,"Direct","Ronja Savolainen",157,49,0.103324539959431,0.0775733068585396,10
"Nelli Laitinen",790,127,34,5,33.946139460358,"Polina Luchnikova",46.7362742968535,"Oxana Bratishcheva",0,0,0,16.1554944214035,"8/2/2022",2021,"Olympic (Women) - Finland","Olympic (Women) - Olympic Athletes from Russia","home",3,"5 on 4",5,0,"Play",1,"Direct","Elisa Holopainen",133,19,0.215260654687881,0.228487402200699,3
"Nelli Laitinen",813,196,42,5,3.49385621484342,"Maria Pechnikova",7.78630814679767,"Valeria Merkusheva",1,0,0,24.5967477524977,"8/2/2022",2021,"Olympic (Women) - Finland","Olympic (Women) - Olympic Athletes from Russia","home",3,"5 on 4",5,0,"Play",0,"Direct","Elisa Holopainen",185,20,0.0745730698108673,0.0718630850315094,8
"Nelli Laitinen",815,178,51,5,6.58695650000001,"Valeria Merkusheva",13.5214286,"Yelena Provorova",0,0,0,21,"8/2/2022",2021,"Olympic (Women) - Finland","Olympic (Women) - Olympic Athletes from Russia","home",3,"5 on 4",5,0,"Play",0,"Direct","Elisa Holopainen",178,30,0.0745730698108673,0.0718630850315094,8
"Nelli Laitinen",92,106,15,5,25.3821690109688,"Noemi Ryhner",45.6727000401727,"Lara Christen",0,0,0,42.7200187265877,"16/2/2022",2021,"Olympic (Women) - Finland","Olympic (Women) - Switzerland","home",3,"5 on 4",3,0,"Play",1,"Direct","Viivi Vainikka",129,51,0.0604560151696205,0.088855005800724,4
"Nicole Vallario",246,93,61,5,58.9509649203806,"Emma Maltais",59.193991668619,"Jillian Saulnier",0,0,0,38.0131556174964,"14/2/2022",2021,"Olympic (Women) - Switzerland","Olympic (Women) - Canada","away",1,"5 on 4",0,5,"Play",1,"Direct","Rahel Enzler",115,30,0.0954694524407387,0.075860433280468,4
"Nicole Vallario",35,161,80,5,51.8503575966359,"Susanna Tapani",59.252813510296,"Minnamari Tuominen",0,0,0,36.4005494464026,"16/2/2022",2021,"Olympic (Women) - Switzerland","Olympic (Women) - Finland","away",1,"5 on 4",0,1,"Play",1,"Direct","Sinja Leemann",132,58,0.0954694524407387,0.075860433280468,10
"Nicole Vallario",52,136,70,5,87.61866263,"Michelle Karvinen",96.37593239,"Susanna Tapani",0,0,0,51,"16/2/2022",2021,"Olympic (Women) - Switzerland","Olympic (Women) - Finland","away",1,"5 on 4",0,1,"Play",1,"Direct","Sinja Leemann",136,19,0.146133452653885,0.106637321412563,3
"Nicole Vallario",686,18,16,2,65.0052974662112,"Yekaterina Dobrodeyeva",67.0425775403938,"Valeria Pavlova",0,0,0,34.7850542618522,"12/2/2022",2021,"Olympic (Women) - Switzerland","Olympic (Women) - Olympic Athletes from Russia","away",1,"5 on 4",0,0,"Play",0,"Direct","Evelina Raselli",51,5,0.0604560151696205,0.110146403312683,6
"Nina Pirogova",47,182,60,5,3.14828437372878,"Alina Muller",12.2682110942075,"Lara Stalder",1,0,0,43.3820239269677,"12/2/2022",2021,"Olympic (Women) - Olympic Athletes from Russia","Olympic (Women) - Switzerland","home",3,"5 on 4",2,3,"Play",1,"Direct","Anna Shibanova",143,41,0.0975486859679222,0.140950575470924,10
"Nina Pirogova",61,196,51,5,10.7223800101711,"Andrea Brandli",11.5496676051069,"Shannon Sigrist",0,0,0,15.8113883008419,"12/2/2022",2021,"Olympic (Women) - Olympic Athletes from Russia","Olympic (Women) - Switzerland","home",3,"5 on 4",2,3,"Play",1,"Direct","Olga Sosina",191,66,0.177797585725784,0.144507825374603,8
"Noora Tulus",391,147,81,5,26.9915456751535,"Alina Muller",30.1135163746809,"Noemi Ryhner",0,0,0,43.081318457076,"16/2/2022",2021,"Olympic (Women) - Finland","Olympic (Women) - Switzerland","home",1,"5 on 4",1,0,"Play",1,"Direct","Jenni Hiirikoski",131,41,0.286811232566833,0.299935936927795,3
"Noora Tulus",68,176,4,4,31.3485268278758,"Stefanie Wetli",42.3474276057087,"Noemi Ryhner",0,0,0,42.190046219458,"16/2/2022",2021,"Olympic (Women) - Finland","Olympic (Women) - Switzerland","home",3,"5 on 4",3,0,"Play",1,"Direct","Jenni Hiirikoski",134,8,0.286811232566833,0.299935936927795,10
"Noora Tulus",838,157,21,5,18.1602652510711,"Alexandra Vafina",22.4479107537757,"Valeria Pavlova",0,0,0,30.5286750449475,"8/2/2022",2021,"Olympic (Women) - Finland","Olympic (Women) - Olympic Athletes from Russia","home",3,"5 on 4",5,0,"Play",1,"Direct","Jenni Hiirikoski",131,37,0.0975486859679222,0.140950575470924,10
"Olga Sosina",104,135,80,5,22.0828824073798,"Alina Muller",22.4025641268215,"Lara Stalder",0,0,0,53.0377224247045,"12/2/2022",2021,"Olympic (Women) - Olympic Athletes from Russia","Olympic (Women) - Switzerland","home",3,"5 on 4",2,3,"Play",1,"Direct","Anna Shibanova",133,27,0.0604560151696205,0.110146403312683,3
"Olga Sosina",38,158,66,5,8.62317506797308,"Stefanie Wetli",11.1963876357516,"Alina Muller",0,0,0,47.0106370941726,"12/2/2022",2021,"Olympic (Women) - Olympic Athletes from Russia","Olympic (Women) - Switzerland","home",3,"5 on 4",2,3,"Play",1,"Direct","Anna Shokhina",157,19,0.0583615228533745,0.0662275031208992,1
"Olga Sosina",43,157,62,5,14.6343074263684,"Alina Muller",19.6626936380376,"Stefanie Wetli",0,0,0,29.4108823397055,"12/2/2022",2021,"Olympic (Women) - Olympic Athletes from Russia","Olympic (Women) - Switzerland","home",3,"5 on 4",2,3,"Play",1,"Direct","Anna Shibanova",148,34,0.0604560151696205,0.110146403312683,10
"Olga Sosina",478,139,83,5,15.2268083711942,"Andrea Brandli",26.8487730759867,"Noemi Ryhner",0,0,0,30.0166620396073,"12/2/2022",2021,"Olympic (Women) - Olympic Athletes from Russia","Olympic (Women) - Switzerland","home",1,"5 on 4",0,0,"Play",0,"Direct","Anna Shokhina",165,68,0.0967271402478218,0.130676880478859,1
"Olga Sosina",49,149,64,5,16.1515205255316,"Alina Muller",17.6428585349413,"Lara Stalder",0,0,0,32.0624390837628,"12/2/2022",2021,"Olympic (Women) - Olympic Athletes from Russia","Olympic (Women) - Switzerland","home",3,"5 on 4",2,3,"Play",1,"Direct","Nina Pirogova",181,66,0.0604560151696205,0.110146403312683,1
"Olga Sosina",59,184,73,5,26.6834693375518,"Lara Stalder",28.4995276350353,"Shannon Sigrist",0,0,0,51.3517283058711,"12/2/2022",2021,"Olympic (Women) - Olympic Athletes from Russia","Olympic (Women) - Switzerland","home",3,"5 on 4",2,3,"Play",1,"Direct","Anna Shibanova",133,67,0.0604560151696205,0.088855005800724,10
"Olga Sosina",70,152,75,5,5.41985636229803,"Lara Stalder",14.7987539510297,"Stefanie Wetli",0,0,0,62.0322496770833,"12/2/2022",2021,"Olympic (Women) - Olympic Athletes from Russia","Olympic (Women) - Switzerland","home",3,"5 on 4",2,3,"Play",0,"Direct","Anna Shokhina",150,13,0.0583615228533745,0.0662275031208992,3
"Olga Sosina",98,151,82,5,34.5056483442599,"Lara Stalder",36.6283413281835,"Stefanie Wetli",0,0,0,34.828149534536,"12/2/2022",2021,"Olympic (Women) - Olympic Athletes from Russia","Olympic (Women) - Switzerland","home",3,"5 on 4",2,3,"Play",1,"Direct","Anna Shibanova",129,55,0.0604560151696205,0.088855005800724,3
"Petra Nieminen",388,142,65,5,31.8374388287313,"Sarah Forster",33.6116719879664,"Alina Muller",0,0,0,12.369316876853,"16/2/2022",2021,"Olympic (Women) - Finland","Olympic (Women) - Switzerland","home",1,"5 on 4",1,0,"Play",1,"Direct","Jenni Hiirikoski",130,62,0.0563192255795002,0.115687847137451,3
"Petra Nieminen",58,152,51,5,0.149796700824689,"Noemi Ryhner",3.60837002974535,"Stefanie Wetli",2,0,0,30.0665927567458,"16/2/2022",2021,"Olympic (Women) - Finland","Olympic (Women) - Switzerland","home",3,"5 on 4",3,0,"Play",1,"Direct","Michelle Karvinen",182,53,0.101795025169849,0.0638723969459534,1
"Petra Nieminen",849,167,14,5,0.613358640159168,"Alexandra Vafina",15.7365609910887,"Anna Savonina",1,0,0,43.0116263352131,"8/2/2022",2021,"Olympic (Women) - Finland","Olympic (Women) - Olympic Athletes from Russia","home",3,"5 on 4",5,0,"Play",1,"Direct","Susanna Tapani",166,57,0.0954694524407387,0.075860433280468,7
"Phoebe Staenz",549,79,31,2,2.3857302224,"Petra Nieminen",16.074022684,"Noora Tulus",1,0,0,25,"16/2/2022",2021,"Olympic (Women) - Switzerland","Olympic (Women) - Finland","away",2,"5 on 4",0,1,"Play",1,"Direct","Lara Christen",55,24,0.146133452653885,0.106637321412563,9
"Phoebe Staenz",658,164,65,5,103.532899547943,"Olga Sosina",123.09044650207,"Oxana Bratishcheva",0,0,0,15.6204993518133,"12/2/2022",2021,"Olympic (Women) - Switzerland","Olympic (Women) - Olympic Athletes from Russia","away",3,"5 on 4",2,1,"Play",1,"Direct","Lara Stalder",154,77,0.0583615228533745,0.0662275031208992,10
"Phoebe Staenz",712,135,6,4,52.8103751954905,"Nina Pirogova",64.0409920169932,"Valeria Pavlova",0,0,0,32.5729949498047,"12/2/2022",2021,"Olympic (Women) - Switzerland","Olympic (Women) - Olympic Athletes from Russia","away",1,"5 on 4",0,0,"Play",1,"Direct","Keely Moy",145,37,0.155789777636528,0.138872087001801,3
"Rahel Enzler",1016,178,81,4,17.0670637592038,"Michelle Karvinen",26.3492059818319,"Ronja Savolainen",0,0,0,39.0512483795333,"16/2/2022",2021,"Olympic (Women) - Switzerland","Olympic (Women) - Finland","away",3,"5 on 4",0,1,"Play",1,"Direct","Dominique Ruegg",139,83,0.232811734080315,0.169661268591881,10
"Rahel Enzler",213,150,73,3,52.9093739605969,"Claire Thompson",56.3743105785236,"Sarah Nurse",0,0,0,12.0830459735946,"14/2/2022",2021,"Olympic (Women) - Switzerland","Olympic (Women) - Canada","away",1,"5 on 4",0,5,"Play",1,"Direct","Shannon Sigrist",145,84,0.146133452653885,0.106637321412563,3
"Rahel Enzler",42,162,25,5,23.7034249321399,"Michelle Karvinen",29.4107136634504,"Nelli Laitinen",0,0,0,19.9248588451713,"16/2/2022",2021,"Olympic (Women) - Switzerland","Olympic (Women) - Finland","away",1,"5 on 4",0,1,"Play",0,"Direct","Evelina Raselli",181,19,0.103324539959431,0.0775733068585396,1
"Rahel Enzler",603,182,82,5,9.99631605,"Laura Stacey",10.54252586,"Jocelyne Larocque",0,0,0,51,"14/2/2022",2021,"Olympic (Women) - Switzerland","Olympic (Women) - Canada","away",3,"5 on 4",3,9,"Play",0,"Direct","Sinja Leemann",131,82,0.0954694524407387,0.075860433280468,10
"Rahel Enzler",653,186,16,5,13.0917058453353,"Liana Ganeyeva",15.3276668270844,"Oxana Bratishcheva",0,0,0,8.06225774829855,"12/2/2022",2021,"Olympic (Women) - Switzerland","Olympic (Women) - Olympic Athletes from Russia","away",1,"5 on 4",0,0,"Play",1,"Direct","Dominique Ruegg",194,17,0.089159294962883,0.0693348720669746,7
"Rahel Enzler",662,143,37,5,96.7096815001742,"Olga Sosina",120.640229226325,"Valeria Merkusheva",0,0,0,6.32455532033676,"12/2/2022",2021,"Olympic (Women) - Switzerland","Olympic (Women) - Olympic Athletes from Russia","away",3,"5 on 4",2,1,"Play",1,"Direct","Dominique Ruegg",145,31,0.101795025169849,0.0638723969459534,3
"Rebecca Johnston",120,191,60,4,42.7987252842689,"Noemi Ryhner",47.178240696844,"Stefanie Wetli",0,0,0,55.1089829338194,"14/2/2022",2021,"Olympic (Women) - Canada","Olympic (Women) - Switzerland","home",2,"5 on 4",8,3,"Play",1,"Direct","Sarah Fillier",137,71,0.0563192255795002,0.115687847137451,10
"Rebecca Johnston",125,135,2,4,60.8494546899704,"Noemi Ryhner",91.0658523345345,NA,0,0,0,22.2036033111745,"14/2/2022",2021,"Olympic (Women) - Canada","Olympic (Women) - Switzerland","home",2,"5 on 4",8,3,"Play",1,"Direct","Erin Ambrose",132,24,0.0967271402478218,0.130676880478859,3
"Rebecca Johnston",358,136,62,5,20.0644869836775,"Amanda Kessel",34.6600741061832,"Alex Carpenter",0,0,0,25.4950975679639,"8/2/2022",2021,"Olympic (Women) - Canada","Olympic (Women) - United States","away",1,"5 on 4",0,0,"Play",1,"Direct","Erin Ambrose",131,37,0.0975486859679222,0.140950575470924,3
"Rebecca Johnston",360,161,73,5,25.8026403556367,"Alex Carpenter",33.6182555305404,"Amanda Kessel",0,0,0,36.2353418639869,"8/2/2022",2021,"Olympic (Women) - Canada","Olympic (Women) - United States","away",1,"5 on 4",0,0,"Play",1,"Direct","Erin Ambrose",133,50,0.0954694524407387,0.075860433280468,10
"Rebecca Johnston",366,176,3,5,36.5442264539764,"Amanda Kessel",39.4719753116644,"Alex Carpenter",0,0,0,48.0832611206852,"8/2/2022",2021,"Olympic (Women) - Canada","Olympic (Women) - United States","away",1,"5 on 4",0,0,"Play",1,"Direct","Marie-Philip Poulin",130,17,0.0583615228533745,0.0662275031208992,10
"Ronja Savolainen",212,138,28,5,55.8904337132482,"Noemi Ryhner",90.1831454789028,"Alina Muller",0,0,0,33.1360830515618,"16/2/2022",2021,"Olympic (Women) - Finland","Olympic (Women) - Switzerland","home",2,"5 on 4",1,0,"Play",1,"Direct","Nelli Laitinen",141,61,0.103324539959431,0.0775733068585396,3
"Ronja Savolainen",356,153,47,4,1.3573523331191,NA,11.9037944783114,"Lena Marie Lutz",1,0,1,15.8113883008419,"16/2/2022",2021,"Olympic (Women) - Finland","Olympic (Women) - Switzerland","home",3,"5 on 4",2,0,"Play",1,"Direct","Elisa Holopainen",158,32,0.0745730698108673,0.0718630850315094,1
"Sarah Fillier",118,135,60,4,90.7807533044428,"Noemi Ryhner",102.002537916178,NA,0,0,0,38.6393581727233,"14/2/2022",2021,"Olympic (Women) - Canada","Olympic (Women) - Switzerland","home",2,"5 on 4",8,3,"Play",1,"Direct","Marie-Philip Poulin",142,22,0.0745730698108673,0.0718630850315094,3
"Sarah Nurse",199,143,42,4,97.6282112134193,"Keely Moy",99.0688691761472,NA,0,0,0,16.1554944214035,"14/2/2022",2021,"Olympic (Women) - Canada","Olympic (Women) - Switzerland","home",2,"5 on 4",8,3,"Play",1,"Direct","Jocelyne Larocque",149,57,0.177797585725784,0.144507825374603,3
"Sarah Nurse",203,160,65,4,88.96634974,NA,92.987416178,"Keely Moy",0,0,0,35,"14/2/2022",2021,"Olympic (Women) - Canada","Olympic (Women) - Switzerland","home",2,"5 on 4",8,3,"Play",1,"Direct","Claire Thompson",139,37,0.0604560151696205,0.088855005800724,10
"Savannah Harmon",123,131,42,5,80.8271278613337,"Sarah Nurse",95.8326230595427,"Brianne Jenner",0,0,0,27.2946881279124,"8/2/2022",2021,"Olympic (Women) - United States","Olympic (Women) - Canada","home",1,"5 on 4",0,1,"Play",1,"Direct","Hilary Knight",135,15,0.0604560151696205,0.110146403312683,3
"Savannah Harmon",259,66,46,4,13.5711019237354,"Brianne Jenner",25.7115940013586,"Erin Ambrose",0,0,0,61.400325732035,"8/2/2022",2021,"Olympic (Women) - United States","Olympic (Women) - Canada","home",2,"5 on 4",2,3,"Play",0,"Direct","Kendall Coyne Schofield",115,83,0.101795025169849,0.0638723969459534,5
"Shannon Sigrist",566,84,71,3,2.50892909535884,"Emma Maltais",8.55963677403838,"Mich Zandee-Hart",1,0,0,35.6089876295297,"14/2/2022",2021,"Olympic (Women) - Switzerland","Olympic (Women) - Canada","away",3,"5 on 4",3,9,"Play",1,"Direct","Alina Muller",112,49,0.0954694524407387,0.075860433280468,4
"Sinja Leemann",125,133,29,5,78.8617475616982,"Jillian Saulnier",96.7056291358263,"Emma Maltais",0,0,0,51.5460958754395,"14/2/2022",2021,"Olympic (Women) - Switzerland","Olympic (Women) - Canada","away",1,"5 on 4",0,5,"Play",1,"Direct","Nicole Vallario",149,78,0.101795025169849,0.0638723969459534,3
"Sinja Leemann",255,9,57,4,45.816530753901,"Mich Zandee-Hart",70.6493014050961,"Jillian Saulnier",0,0,0,36.4005494464026,"14/2/2022",2021,"Olympic (Women) - Switzerland","Olympic (Women) - Canada","away",1,"5 on 4",0,5,"Play",1,"Direct","Dominique Ruegg",38,79,0.0604560151696205,0.110146403312683,6
"Sinja Leemann",32,137,34,5,32.2170830432583,"Michelle Karvinen",41.016216537169,"Susanna Tapani",0,0,0,28.3019433961698,"16/2/2022",2021,"Olympic (Women) - Switzerland","Olympic (Women) - Finland","away",1,"5 on 4",0,1,"Play",1,"Direct","Evelina Raselli",161,19,0.0583615228533745,0.0662275031208992,1
"Sinja Leemann",50,145,8,5,67.854156619235,"Michelle Karvinen",76.4125876162596,"Susanna Tapani",0,0,0,36.7151195013716,"16/2/2022",2021,"Olympic (Women) - Switzerland","Olympic (Women) - Finland","away",1,"5 on 4",0,1,"Play",1,"Direct","Nicole Vallario",127,40,0.179419070482254,0.124843999743462,3
"Sinja Leemann",612,88,59,2,1.31717462474026,"Laura Stacey",7.89301234964474,"Blayre Turnbull",1,0,0,69.8140387028282,"14/2/2022",2021,"Olympic (Women) - Switzerland","Olympic (Women) - Canada","away",3,"5 on 4",3,9,"Play",1,"Direct","Evelina Raselli",131,4,0.101795025169849,0.0638723969459534,4
"Valeria Pavlova",475,151,82,5,28.2245502912297,"Noemi Ryhner",28.8939395579585,"Alina Muller",0,0,0,36.2353418639869,"12/2/2022",2021,"Olympic (Women) - Olympic Athletes from Russia","Olympic (Women) - Switzerland","home",1,"5 on 4",0,0,"Play",1,"Direct","Anna Shibanova",134,50,0.0954694524407387,0.075860433280468,3
"Valeria Pavlova",478,142,82,5,27.4047774651723,"Andrea Brandli",34.0522216332725,"Noemi Ryhner",0,0,0,3.16227766016838,"12/2/2022",2021,"Olympic (Women) - Olympic Athletes from Russia","Olympic (Women) - Switzerland","home",1,"5 on 4",0,0,"Play",1,"Direct","Olga Sosina",139,83,0.155789777636528,0.138872087001801,3
"Viivi Vainikka",141,194,68,5,68.7692230610541,"Shannon Sigrist",78.140937730079,"Alina Muller",0,0,0,42.154477816716,"16/2/2022",2021,"Olympic (Women) - Finland","Olympic (Women) - Switzerland","home",2,"5 on 4",1,0,"Play",1,"Direct","Michelle Karvinen",155,84,0.0563192255795002,0.115687847137451,8
"Viivi Vainikka",148,170,37,5,52.6745851909796,"Alina Muller",54.9869397668323,"Noemi Ryhner",0,0,0,7.61577310586391,"16/2/2022",2021,"Olympic (Women) - Finland","Olympic (Women) - Switzerland","home",2,"5 on 4",1,0,"Play",1,"Direct","Ronja Savolainen",163,40,0.0967271402478218,0.130676880478859,8
"Viivi Vainikka",173,190,71,5,30.893718004824,"Oxana Bratishcheva",31.9188699079702,"Maria Sorokina",0,0,0,25.6320112359526,"8/2/2022",2021,"Olympic (Women) - Finland","Olympic (Women) - Olympic Athletes from Russia","home",1,"5 on 4",1,0,"Play",1,"Direct","Nelli Laitinen",166,80,0.0967271402478218,0.130676880478859,8
"Viivi Vainikka",781,168,18,5,25.6069346578973,"Valeria Merkusheva",34.1784353886275,"Maria Pechnikova",0,0,0,11.0453610171873,"8/2/2022",2021,"Olympic (Women) - Finland","Olympic (Women) - Olympic Athletes from Russia","home",3,"5 on 4",5,0,"Play",1,"Direct","Elisa Holopainen",179,19,0.248827621340752,0.197685390710831,7
